Time,AV1,AV2,AV3,PUMP1,PT101,LT201,PT301,FT101
0,1,0,1,0,499.97222222222223,0.5006666666666667,399.9861111111111,5.0
0.2,1,0,1,0,499.94444444444446,0.5013333333333334,399.9722222222222,5.0
0.4,1,0,1,0,499.9166666666667,0.5020000000000001,399.95833333333326,5.0
0.6000000000000001,1,0,1,0,499.8888888888889,0.5026666666666668,399.94444444444434,5.0
0.8,1,0,1,0,499.86111111111114,0.5033333333333335,399.93055555555543,5.0
1.0,1,0,1,0,499.83333333333337,0.5040000000000002,399.9166666666665,5.0
1.2,1,0,1,0,499.8055555555556,0.5046666666666669,399.9027777777776,5.0
1.4,1,0,1,0,499.7777777777778,0.5053333333333336,399.8888888888887,5.0
1.5999999999999999,1,0,1,0,499.75000000000006,0.5060000000000003,399.8749999999998,5.0
1.7999999999999998,1,0,1,0,499.7222222222223,0.506666666666667,399.86111111111086,5.0
1.9999999999999998,1,0,1,0,499.6944444444445,0.5073333333333337,399.84722222222194,5.0
2.1999999999999997,1,0,1,0,499.66666666666674,0.5080000000000005,399.83333333333303,5.0
2.4,1,0,1,0,499.63888888888897,0.5086666666666672,399.8194444444441,5.0
2.6,1,0,1,0,499.6111111111112,0.5093333333333339,399.8055555555552,5.0
2.8000000000000003,1,0,1,0,499.5833333333334,0.5100000000000006,399.7916666666663,5.0
3.0000000000000004,1,0,1,0,499.55555555555566,0.5106666666666673,399.7777777777774,5.0
3.2000000000000006,1,0,1,0,499.5277777777779,0.511333333333334,399.76388888888846,5.0
3.400000000000001,1,0,1,0,499.5000000000001,0.5120000000000007,399.74999999999955,5.0
3.600000000000001,1,0,1,0,499.47222222222234,0.5126666666666674,399.73611111111063,5.0
3.800000000000001,1,0,1,0,499.44444444444457,0.5133333333333341,399.7222222222217,5.0
4.000000000000001,1,0,1,0,499.4166666666668,0.5140000000000008,399.7083333333328,5.0
4.200000000000001,1,0,1,0,499.388888888889,0.5146666666666675,399.6944444444439,5.0
4.400000000000001,1,0,1,0,499.36111111111126,0.5153333333333342,399.680555555555,5.0
4.600000000000001,1,0,1,0,499.3333333333335,0.5160000000000009,399.66666666666606,5.0
4.800000000000002,1,0,1,0,499.3055555555557,0.5166666666666676,399.65277777777715,5.0
5.000000000000002,1,0,1,0,499.27777777777794,0.5173333333333343,399.63888888888823,5.0
5.200000000000002,1,0,1,0,499.25000000000017,0.518000000000001,399.6249999999993,5.0
5.400000000000002,1,0,1,0,499.2222222222224,0.5186666666666677,399.6111111111104,5.0
5.600000000000002,1,0,1,0,499.1944444444446,0.5193333333333344,399.5972222222215,5.0
5.8000000000000025,1,0,1,0,499.16666666666686,0.5200000000000011,399.5833333333326,5.0
6.000000000000003,1,0,1,0,499.1388888888891,0.5206666666666678,399.56944444444366,5.0
6.200000000000003,1,0,1,0,499.1111111111113,0.5213333333333345,399.55555555555475,5.0
6.400000000000003,1,0,1,0,499.08333333333354,0.5220000000000012,399.54166666666583,5.0
6.600000000000003,1,0,1,0,499.05555555555577,0.522666666666668,399.5277777777769,5.0
6.800000000000003,1,0,1,0,499.027777777778,0.5233333333333346,399.513888888888,5.0
7.0000000000000036,1,0,1,0,499.0000000000002,0.5240000000000014,399.4999999999991,5.0
7.200000000000004,1,0,1,0,498.97222222222246,0.5246666666666681,399.4861111111102,5.0
7.400000000000004,1,0,1,0,498.9444444444447,0.5253333333333348,399.47222222222126,5.0
7.600000000000004,1,0,1,0,498.9166666666669,0.5260000000000015,399.45833333333235,5.0
7.800000000000004,1,0,1,0,498.88888888888914,0.5266666666666682,399.44444444444343,5.0
8.000000000000004,1,0,1,0,498.86111111111137,0.5273333333333349,399.4305555555545,5.0
8.200000000000003,1,0,1,0,498.8333333333336,0.5280000000000016,399.4166666666656,5.0
8.400000000000002,1,0,1,0,498.8055555555558,0.5286666666666683,399.4027777777767,5.0
8.600000000000001,1,0,1,0,498.77777777777806,0.529333333333335,399.3888888888878,5.0
8.8,1,0,1,0,498.7500000000003,0.5300000000000017,399.37499999999886,5.0
9.0,1,0,1,0,498.7222222222225,0.5306666666666684,399.36111111110995,5.0
9.2,1,0,1,0,498.69444444444474,0.5313333333333351,399.34722222222103,5.0
9.399999999999999,1,0,1,0,498.66666666666697,0.5320000000000018,399.3333333333321,5.0
9.599999999999998,1,0,1,0,498.6388888888892,0.5326666666666685,399.3194444444432,5.0
9.799999999999997,1,0,1,0,498.6111111111114,0.5333333333333352,399.3055555555543,5.0
9.999999999999996,1,0,1,0,498.58333333333366,0.5340000000000019,399.2916666666654,5.0
10.199999999999996,1,0,1,0,498.5555555555559,0.5346666666666686,399.27777777777646,5.0
10.399999999999995,1,0,1,0,498.5277777777781,0.5353333333333353,399.26388888888755,5.0
10.599999999999994,1,0,1,0,498.50000000000034,0.536000000000002,399.24999999999864,5.0
10.799999999999994,1,0,1,0,498.47222222222257,0.5366666666666687,399.2361111111097,5.0
10.999999999999993,1,0,1,0,498.4444444444448,0.5373333333333354,399.2222222222208,5.0
11.199999999999992,1,0,1,0,498.416666666667,0.5380000000000021,399.2083333333319,5.0
11.399999999999991,1,0,1,0,498.38888888888926,0.5386666666666688,399.194444444443,5.0
11.59999999999999,1,0,1,0,498.3611111111115,0.5393333333333356,399.18055555555406,5.0
11.79999999999999,1,0,1,0,498.3333333333337,0.5400000000000023,399.16666666666515,5.0
11.99999999999999,1,0,1,0,498.30555555555594,0.540666666666669,399.15277777777624,5.0
12.199999999999989,1,0,1,0,498.27777777777817,0.5413333333333357,399.1388888888873,5.0
12.399999999999988,1,0,1,0,498.2500000000004,0.5420000000000024,399.1249999999984,5.0
12.599999999999987,1,0,1,0,498.2222222222226,0.5426666666666691,399.1111111111095,5.0
12.799999999999986,1,0,1,0,498.19444444444485,0.5433333333333358,399.0972222222206,5.0
12.999999999999986,1,0,1,0,498.1666666666671,0.5440000000000025,399.08333333333167,5.0
13.199999999999985,1,0,1,0,498.1388888888893,0.5446666666666692,399.06944444444275,5.0
13.399999999999984,1,0,1,0,498.11111111111154,0.5453333333333359,399.05555555555384,5.0
13.599999999999984,1,0,1,0,498.08333333333377,0.5460000000000026,399.0416666666649,5.0
13.799999999999983,1,0,1,0,498.055555555556,0.5466666666666693,399.027777777776,5.0
13.999999999999982,1,0,1,0,498.0277777777782,0.547333333333336,399.0138888888871,5.0
14.199999999999982,1,0,1,0,498.00000000000045,0.5480000000000027,398.9999999999982,5.0
14.39999999999998,1,0,1,0,497.9722222222227,0.5486666666666694,398.98611111110927,5.0
14.59999999999998,1,0,1,0,497.9444444444449,0.5493333333333361,398.97222222222035,5.0
14.79999999999998,1,0,1,0,497.91666666666714,0.5500000000000028,398.95833333333144,5.0
14.999999999999979,1,0,1,0,497.88888888888937,0.5506666666666695,398.9444444444425,5.0
15.199999999999978,1,0,1,0,497.8611111111116,0.5513333333333362,398.9305555555536,5.0
15.399999999999977,1,0,1,0,497.8333333333338,0.5520000000000029,398.9166666666647,5.0
15.599999999999977,1,0,1,0,497.80555555555605,0.5526666666666696,398.9027777777758,5.0
15.799999999999976,1,0,1,0,497.7777777777783,0.5533333333333363,398.88888888888687,5.0
15.999999999999975,1,0,1,0,497.7500000000005,0.554000000000003,398.87499999999795,5.0
16.199999999999974,1,0,1,0,497.72222222222274,0.5546666666666697,398.86111111110904,5.0
16.399999999999974,1,0,1,0,497.69444444444497,0.5553333333333365,398.8472222222201,5.0
16.599999999999973,1,0,1,0,497.6666666666672,0.5560000000000032,398.8333333333312,5.0
16.799999999999972,1,0,1,0,497.6388888888894,0.5566666666666699,398.8194444444423,5.0
16.99999999999997,1,0,1,0,497.61111111111165,0.5573333333333366,398.8055555555534,5.0
17.19999999999997,1,0,1,0,497.5833333333339,0.5580000000000033,398.79166666666447,5.0
17.39999999999997,1,0,1,0,497.5555555555561,0.55866666666667,398.77777777777555,5.0
17.59999999999997,1,0,1,0,497.52777777777834,0.5593333333333367,398.76388888888664,5.0
17.79999999999997,1,0,1,0,497.50000000000057,0.5600000000000034,398.7499999999977,5.0
17.999999999999968,1,0,1,0,497.4722222222228,0.5606666666666701,398.7361111111088,5.0
18.199999999999967,1,0,1,0,497.444444444445,0.5613333333333368,398.7222222222199,5.0
18.399999999999967,1,0,1,0,497.41666666666725,0.5620000000000035,398.708333333331,5.0
18.599999999999966,1,0,1,0,497.3888888888895,0.5626666666666702,398.69444444444207,5.0
18.799999999999965,1,0,1,0,497.3611111111117,0.5633333333333369,398.68055555555316,5.0
18.999999999999964,1,0,1,0,497.33333333333394,0.5640000000000036,398.66666666666424,5.0
19.199999999999964,1,0,1,0,497.30555555555617,0.5646666666666703,398.6527777777753,5.0
19.399999999999963,1,0,1,0,497.2777777777784,0.565333333333337,398.6388888888864,5.0
19.599999999999962,1,0,1,0,497.2500000000006,0.5660000000000037,398.6249999999975,5.0
19.79999999999996,1,0,1,0,497.22222222222285,0.5666666666666704,398.6111111111086,5.0
19.99999999999996,1,0,1,0,497.1944444444451,0.5673333333333371,398.59722222221967,5.0
20.19999999999996,1,0,1,0,497.1666666666673,0.5680000000000038,398.58333333333076,5.0
20.39999999999996,1,0,1,0,497.13888888888954,0.5686666666666705,398.56944444444184,5.0
20.59999999999996,1,0,1,0,497.11111111111177,0.5693333333333372,398.5555555555529,5.0
20.799999999999958,1,0,1,0,497.083333333334,0.570000000000004,398.541666666664,5.0
20.999999999999957,1,0,1,0,497.0555555555562,0.5706666666666707,398.5277777777751,5.0
21.199999999999957,1,0,1,0,497.02777777777845,0.5713333333333374,398.5138888888862,5.0
21.399999999999956,1,0,1,0,497.0000000000007,0.5720000000000041,398.49999999999727,5.0
21.599999999999955,1,0,1,0,496.9722222222229,0.5726666666666708,398.48611111110836,5.0
21.799999999999955,1,0,1,0,496.94444444444514,0.5733333333333375,398.47222222221944,5.0
21.999999999999954,1,0,1,0,496.91666666666737,0.5740000000000042,398.45833333333053,5.0
22.199999999999953,1,0,1,0,496.8888888888896,0.5746666666666709,398.4444444444416,5.0
22.399999999999952,1,0,1,0,496.8611111111118,0.5753333333333376,398.4305555555527,5.0
22.59999999999995,1,0,1,0,496.83333333333405,0.5760000000000043,398.4166666666638,5.0
22.79999999999995,1,0,1,0,496.8055555555563,0.576666666666671,398.4027777777749,5.0
22.99999999999995,1,0,1,0,496.7777777777785,0.5773333333333377,398.38888888888596,5.0
23.19999999999995,1,0,1,0,496.75000000000074,0.5780000000000044,398.37499999999704,5.0
23.39999999999995,1,0,1,0,496.72222222222297,0.5786666666666711,398.36111111110813,5.0
23.599999999999948,1,0,1,0,496.6944444444452,0.5793333333333378,398.3472222222192,5.0
23.799999999999947,1,0,1,0,496.6666666666674,0.5800000000000045,398.3333333333303,5.0
23.999999999999947,1,0,1,0,496.63888888888965,0.5806666666666712,398.3194444444414,5.0
24.199999999999946,1,0,1,0,496.6111111111119,0.5813333333333379,398.3055555555525,5.0
24.399999999999945,1,0,1,0,496.5833333333341,0.5820000000000046,398.29166666666356,5.0
24.599999999999945,1,0,1,0,496.55555555555634,0.5826666666666713,398.27777777777465,5.0
24.799999999999944,1,0,1,0,496.52777777777857,0.583333333333338,398.26388888888573,5.0
24.999999999999943,1,0,1,0,496.5000000000008,0.5840000000000047,398.2499999999968,5.0
25.199999999999942,1,0,1,0,496.472222222223,0.5846666666666714,398.2361111111079,5.0
25.39999999999994,1,0,1,0,496.44444444444525,0.5853333333333381,398.222222222219,5.0
25.59999999999994,1,0,1,0,496.4166666666675,0.5860000000000049,398.2083333333301,5.0
25.79999999999994,1,0,1,0,496.3888888888897,0.5866666666666716,398.19444444444116,5.0
25.99999999999994,1,0,1,0,496.36111111111194,0.5873333333333383,398.18055555555225,5.0
26.19999999999994,1,0,1,0,496.33333333333417,0.588000000000005,398.16666666666333,5.0
26.399999999999938,1,0,1,0,496.3055555555564,0.5886666666666717,398.1527777777744,5.0
26.599999999999937,1,0,1,0,496.2777777777786,0.5893333333333384,398.1388888888855,5.0
26.799999999999937,1,0,1,0,496.25000000000085,0.5900000000000051,398.1249999999966,5.0
26.999999999999936,1,0,1,0,496.2222222222231,0.5906666666666718,398.1111111111077,5.0
27.199999999999935,1,0,1,0,496.1944444444453,0.5913333333333385,398.09722222221876,5.0
27.399999999999935,1,0,1,0,496.16666666666754,0.5920000000000052,398.08333333332985,5.0
27.599999999999934,1,0,1,0,496.13888888888977,0.5926666666666719,398.06944444444093,5.0
27.799999999999933,1,0,1,0,496.111111111112,0.5933333333333386,398.055555555552,5.0
27.999999999999932,1,0,1,0,496.0833333333342,0.5940000000000053,398.0416666666631,5.0
28.199999999999932,1,0,1,0,496.05555555555645,0.594666666666672,398.0277777777742,5.0
28.39999999999993,1,0,1,0,496.0277777777787,0.5953333333333387,398.0138888888853,5.0
28.59999999999993,1,0,1,0,496.0000000000009,0.5960000000000054,397.99999999999636,5.0
28.79999999999993,1,0,1,0,495.97222222222314,0.5966666666666721,397.98611111110745,5.0
28.99999999999993,1,0,1,0,495.94444444444537,0.5973333333333388,397.97222222221853,5.0
29.19999999999993,1,0,1,0,495.9166666666676,0.5980000000000055,397.9583333333296,5.0
29.399999999999928,1,0,1,0,495.8888888888898,0.5986666666666722,397.9444444444407,5.0
29.599999999999927,1,0,1,0,495.86111111111205,0.5993333333333389,397.9305555555518,5.0
29.799999999999926,1,0,1,0,495.8333333333343,0.6000000000000056,397.9166666666629,5.0
29.999999999999925,1,0,1,0,495.8055555555565,0.6006666666666723,397.90277777777396,5.0
30.199999999999925,1,0,1,0,495.77777777777874,0.601333333333339,397.88888888888505,5.0
30.399999999999924,1,0,1,0,495.75000000000097,0.6020000000000058,397.87499999999613,5.0
30.599999999999923,1,0,1,0,495.7222222222232,0.6026666666666725,397.8611111111072,5.0
30.799999999999923,1,0,1,0,495.6944444444454,0.6033333333333392,397.8472222222183,5.0
30.999999999999922,1,0,1,0,495.66666666666765,0.6040000000000059,397.8333333333294,5.0
31.19999999999992,1,0,1,0,495.6388888888899,0.6046666666666726,397.8194444444405,5.0
31.39999999999992,1,0,1,0,495.6111111111121,0.6053333333333393,397.80555555555156,5.0
31.59999999999992,1,0,1,0,495.58333333333434,0.606000000000006,397.79166666666265,5.0
31.79999999999992,1,0,1,0,495.55555555555657,0.6066666666666727,397.77777777777374,5.0
31.99999999999992,1,0,1,0,495.5277777777788,0.6073333333333394,397.7638888888848,5.0
32.19999999999992,1,0,1,0,495.500000000001,0.6080000000000061,397.7499999999959,5.0
32.39999999999992,1,0,1,0,495.47222222222325,0.6086666666666728,397.736111111107,5.0
32.59999999999992,1,0,1,0,495.4444444444455,0.6093333333333395,397.7222222222181,5.0
32.799999999999926,1,0,1,0,495.4166666666677,0.6100000000000062,397.70833333332916,5.0
32.99999999999993,1,0,1,0,495.38888888888994,0.6106666666666729,397.69444444444025,5.0
33.19999999999993,1,0,1,0,495.36111111111217,0.6113333333333396,397.68055555555134,5.0
33.399999999999935,1,0,1,0,495.3333333333344,0.6120000000000063,397.6666666666624,5.0
33.59999999999994,1,0,1,0,495.3055555555566,0.612666666666673,397.6527777777735,5.0
33.79999999999994,1,0,1,0,495.27777777777885,0.6133333333333397,397.6388888888846,5.0
33.99999999999994,1,0,1,0,495.2500000000011,0.6140000000000064,397.6249999999957,5.0
34.199999999999946,1,0,1,0,495.2222222222233,0.6146666666666731,397.61111111110677,5.0
34.39999999999995,1,0,1,0,495.19444444444554,0.6153333333333398,397.59722222221785,5.0
34.59999999999995,1,0,1,0,495.16666666666777,0.6160000000000065,397.58333333332894,5.0
34.799999999999955,1,0,1,0,495.13888888889,0.6166666666666732,397.56944444444,5.0
34.99999999999996,1,0,1,0,495.1111111111122,0.61733333333334,397.5555555555511,5.0
35.19999999999996,1,0,1,0,495.08333333333445,0.6180000000000067,397.5416666666622,5.0
35.39999999999996,1,0,1,0,495.0555555555567,0.6186666666666734,397.5277777777733,5.0
35.599999999999966,1,0,1,0,495.0277777777789,0.6193333333333401,397.51388888888437,5.0
35.79999999999997,1,0,1,0,495.00000000000114,0.6200000000000068,397.49999999999545,5.0
35.99999999999997,1,0,1,0,494.97222222222337,0.6206666666666735,397.48611111110654,5.0
36.199999999999974,1,0,1,0,494.9444444444456,0.6213333333333402,397.4722222222176,5.0
36.39999999999998,1,0,1,0,494.9166666666678,0.6220000000000069,397.4583333333287,5.0
36.59999999999998,1,0,1,0,494.88888888889005,0.6226666666666736,397.4444444444398,5.0
36.79999999999998,1,0,1,0,494.8611111111123,0.6233333333333403,397.4305555555509,5.0
36.999999999999986,1,0,1,0,494.8333333333345,0.624000000000007,397.41666666666197,5.0
37.19999999999999,1,0,1,0,494.80555555555674,0.6246666666666737,397.40277777777305,5.0
37.39999999999999,1,0,1,0,494.77777777777897,0.6253333333333404,397.38888888888414,5.0
37.599999999999994,1,0,1,0,494.7500000000012,0.6260000000000071,397.3749999999952,5.0
37.8,1,0,1,0,494.7222222222234,0.6266666666666738,397.3611111111063,5.0
38.0,1,0,1,0,494.69444444444565,0.6273333333333405,397.3472222222174,5.0
38.2,1,0,1,0,494.6666666666679,0.6280000000000072,397.3333333333285,5.0
38.400000000000006,1,0,1,0,494.6388888888901,0.6286666666666739,397.31944444443957,5.0
38.60000000000001,1,0,1,0,494.61111111111234,0.6293333333333406,397.30555555555065,5.0
38.80000000000001,1,0,1,0,494.58333333333456,0.6300000000000073,397.29166666666174,5.0
39.000000000000014,1,0,1,0,494.5555555555568,0.630666666666674,397.2777777777728,5.0
39.20000000000002,1,0,1,0,494.527777777779,0.6313333333333407,397.2638888888839,5.0
39.40000000000002,1,0,1,0,494.50000000000125,0.6320000000000074,397.249999999995,5.0
39.60000000000002,1,0,1,0,494.4722222222235,0.6326666666666741,397.2361111111061,5.0
39.800000000000026,1,0,1,0,494.4444444444457,0.6333333333333409,397.22222222221717,5.0
40.00000000000003,1,0,1,0,494.41666666666794,0.6340000000000076,397.20833333332826,5.0
40.20000000000003,1,0,1,0,494.38888888889016,0.6346666666666743,397.19444444443934,5.0
40.400000000000034,1,0,1,0,494.3611111111124,0.635333333333341,397.1805555555504,5.0
40.60000000000004,1,0,1,0,494.3333333333346,0.6360000000000077,397.1666666666615,5.0
40.80000000000004,1,0,1,0,494.30555555555685,0.6366666666666744,397.1527777777726,5.0
41.00000000000004,1,0,1,0,494.2777777777791,0.6373333333333411,397.1388888888837,5.0
41.200000000000045,1,0,1,0,494.2500000000013,0.6380000000000078,397.12499999999477,5.0
41.40000000000005,1,0,1,0,494.22222222222354,0.6386666666666745,397.11111111110586,5.0
41.60000000000005,1,0,1,0,494.19444444444576,0.6393333333333412,397.09722222221694,5.0
41.800000000000054,1,0,1,0,494.166666666668,0.6400000000000079,397.083333333328,5.0
42.00000000000006,1,0,1,0,494.1388888888902,0.6406666666666746,397.0694444444391,5.0
42.20000000000006,1,0,1,0,494.11111111111245,0.6413333333333413,397.0555555555502,5.0
42.40000000000006,1,0,1,0,494.0833333333347,0.642000000000008,397.0416666666613,5.0
42.600000000000065,1,0,1,0,494.0555555555569,0.6426666666666747,397.02777777777237,5.0
42.80000000000007,1,0,1,0,494.02777777777914,0.6433333333333414,397.01388888888346,5.0
43.00000000000007,1,0,1,0,494.00000000000136,0.6440000000000081,396.99999999999454,5.0
43.200000000000074,1,0,1,0,493.9722222222236,0.6446666666666748,396.98611111110563,5.0
43.40000000000008,1,0,1,0,493.9444444444458,0.6453333333333415,396.9722222222167,5.0
43.60000000000008,1,0,1,0,493.91666666666805,0.6460000000000082,396.9583333333278,5.0
43.80000000000008,1,0,1,0,493.8888888888903,0.6466666666666749,396.9444444444389,5.0
44.000000000000085,1,0,1,0,493.8611111111125,0.6473333333333416,396.93055555555,5.0
44.20000000000009,1,0,1,0,493.83333333333474,0.6480000000000083,396.91666666666106,5.0
44.40000000000009,1,0,1,0,493.80555555555696,0.648666666666675,396.90277777777214,5.0
44.600000000000094,1,0,1,0,493.7777777777792,0.6493333333333418,396.88888888888323,5.0
44.8000000000001,1,0,1,0,493.7500000000014,0.6500000000000085,396.8749999999943,5.0
45.0000000000001,1,0,1,0,493.72222222222365,0.6506666666666752,396.8611111111054,5.0
45.2000000000001,1,0,1,0,493.6944444444459,0.6513333333333419,396.8472222222165,5.0
45.400000000000105,1,0,1,0,493.6666666666681,0.6520000000000086,396.8333333333276,5.0
45.60000000000011,1,0,1,0,493.63888888889034,0.6526666666666753,396.81944444443866,5.0
45.80000000000011,1,0,1,0,493.61111111111256,0.653333333333342,396.80555555554974,5.0
46.000000000000114,1,0,1,0,493.5833333333348,0.6540000000000087,396.79166666666083,5.0
46.20000000000012,1,0,1,0,493.555555555557,0.6546666666666754,396.7777777777719,5.0
46.40000000000012,1,0,1,0,493.52777777777925,0.6553333333333421,396.763888888883,5.0
46.60000000000012,1,0,1,0,493.5000000000015,0.6560000000000088,396.7499999999941,5.0
46.800000000000125,1,0,1,0,493.4722222222237,0.6566666666666755,396.7361111111052,5.0
47.00000000000013,1,0,1,0,493.44444444444594,0.6573333333333422,396.72222222221626,5.0
47.20000000000013,1,0,1,0,493.41666666666816,0.6580000000000089,396.70833333332735,5.0
47.400000000000134,1,0,1,0,493.3888888888904,0.6586666666666756,396.69444444443843,5.0
47.600000000000136,1,0,1,0,493.3611111111126,0.6593333333333423,396.6805555555495,5.0
47.80000000000014,1,0,1,0,493.33333333333485,0.660000000000009,396.6666666666606,5.0
48.00000000000014,1,0,1,0,493.3055555555571,0.6606666666666757,396.6527777777717,5.0
48.200000000000145,1,0,1,0,493.2777777777793,0.6613333333333424,396.6388888888828,5.0
48.40000000000015,1,0,1,0,493.25000000000153,0.6620000000000091,396.62499999999386,5.0
48.60000000000015,1,0,1,0,493.22222222222376,0.6626666666666758,396.61111111110495,5.0
48.80000000000015,1,0,1,0,493.194444444446,0.6633333333333425,396.59722222221603,5.0
49.000000000000156,1,0,1,0,493.1666666666682,0.6640000000000092,396.5833333333271,5.0
49.20000000000016,1,0,1,0,493.13888888889045,0.664666666666676,396.5694444444382,5.0
49.40000000000016,1,0,1,0,493.1111111111127,0.6653333333333427,396.5555555555493,5.0
49.600000000000165,1,0,1,0,493.0833333333349,0.6660000000000094,396.5416666666604,5.0
49.80000000000017,1,0,1,0,493.05555555555713,0.6666666666666761,396.52777777777146,5.0
50.00000000000017,1,0,1,0,493.02777777777936,0.6673333333333428,396.51388888888255,5.0
50.20000000000017,1,0,1,0,493.0000000000016,0.6680000000000095,396.49999999999363,5.0
50.400000000000176,1,0,1,0,492.9722222222238,0.6686666666666762,396.4861111111047,5.0
50.60000000000018,1,0,1,0,492.94444444444605,0.6693333333333429,396.4722222222158,5.0
50.80000000000018,1,0,1,0,492.9166666666683,0.6700000000000096,396.4583333333269,5.0
51.000000000000185,1,0,1,0,492.8888888888905,0.6706666666666763,396.444444444438,5.0
51.20000000000019,1,0,1,0,492.86111111111273,0.671333333333343,396.43055555554906,5.0
51.40000000000019,1,0,1,0,492.83333333333496,0.6720000000000097,396.41666666666015,5.0
51.60000000000019,1,0,1,0,492.8055555555572,0.6726666666666764,396.40277777777123,5.0
51.800000000000196,1,0,1,0,492.7777777777794,0.6733333333333431,396.3888888888823,5.0
52.0000000000002,1,0,1,0,492.75000000000165,0.6740000000000098,396.3749999999934,5.0
52.2000000000002,1,0,1,0,492.7222222222239,0.6746666666666765,396.3611111111045,5.0
52.400000000000205,1,0,1,0,492.6944444444461,0.6753333333333432,396.3472222222156,5.0
52.60000000000021,1,0,1,0,492.66666666666833,0.6760000000000099,396.33333333332666,5.0
52.80000000000021,1,0,1,0,492.63888888889056,0.6766666666666766,396.31944444443775,5.0
53.00000000000021,1,0,1,0,492.6111111111128,0.6773333333333433,396.30555555554884,5.0
53.200000000000216,1,0,1,0,492.583333333335,0.67800000000001,396.2916666666599,5.0
53.40000000000022,1,0,1,0,492.55555555555725,0.6786666666666767,396.277777777771,5.0
53.60000000000022,1,0,1,0,492.5277777777795,0.6793333333333434,396.2638888888821,5.0
53.800000000000225,1,0,1,0,492.5000000000017,0.6800000000000102,396.2499999999932,5.0
54.00000000000023,1,0,1,0,492.47222222222393,0.6806666666666769,396.23611111110426,5.0
54.20000000000023,1,0,1,0,492.44444444444616,0.6813333333333436,396.22222222221535,5.0
54.40000000000023,1,0,1,0,492.4166666666684,0.6820000000000103,396.20833333332644,5.0
54.600000000000236,1,0,1,0,492.3888888888906,0.682666666666677,396.1944444444375,5.0
54.80000000000024,1,0,1,0,492.36111111111285,0.6833333333333437,396.1805555555486,5.0
55.00000000000024,1,0,1,0,492.3333333333351,0.6840000000000104,396.1666666666597,5.0
55.200000000000244,1,0,1,0,492.3055555555573,0.6846666666666771,396.1527777777708,5.0
55.40000000000025,1,0,1,0,492.27777777777953,0.6853333333333438,396.13888888888187,5.0
55.60000000000025,1,0,1,0,492.25000000000176,0.6860000000000105,396.12499999999295,5.0
55.80000000000025,1,0,1,0,492.222222222224,0.6866666666666772,396.11111111110404,5.0
56.000000000000256,1,0,1,0,492.1944444444462,0.6873333333333439,396.0972222222151,5.0
56.20000000000026,1,0,1,0,492.16666666666845,0.6880000000000106,396.0833333333262,5.0
56.40000000000026,1,0,1,0,492.1388888888907,0.6886666666666773,396.0694444444373,5.0
56.600000000000264,1,0,1,0,492.1111111111129,0.689333333333344,396.0555555555484,5.0
56.80000000000027,1,0,1,0,492.08333333333513,0.6900000000000107,396.04166666665947,5.0
57.00000000000027,1,0,1,0,492.05555555555736,0.6906666666666774,396.02777777777055,5.0
57.20000000000027,1,0,1,0,492.0277777777796,0.6913333333333441,396.01388888888164,5.0
57.400000000000276,1,0,1,0,492.0000000000018,0.6920000000000108,395.9999999999927,5.0
57.60000000000028,1,0,1,0,491.97222222222405,0.6926666666666775,395.9861111111038,5.0
57.80000000000028,1,0,1,0,491.9444444444463,0.6933333333333442,395.9722222222149,5.0
58.000000000000284,1,0,1,0,491.9166666666685,0.6940000000000109,395.958333333326,5.0
58.20000000000029,1,0,1,0,491.88888888889073,0.6946666666666776,395.94444444443707,5.0
58.40000000000029,1,0,1,0,491.86111111111296,0.6953333333333444,395.93055555554815,5.0
58.60000000000029,1,0,1,0,491.8333333333352,0.696000000000011,395.91666666665924,5.0
58.800000000000296,1,0,1,0,491.8055555555574,0.6966666666666778,395.9027777777703,5.0
59.0000000000003,1,0,1,0,491.77777777777965,0.6973333333333445,395.8888888888814,5.0
59.2000000000003,1,0,1,0,491.7500000000019,0.6980000000000112,395.8749999999925,5.0
59.400000000000304,1,0,1,0,491.7222222222241,0.6986666666666779,395.8611111111036,5.0
59.60000000000031,1,0,1,0,491.69444444444633,0.6993333333333446,395.84722222221467,5.0
59.80000000000031,1,0,1,0,491.66666666666856,0.7000000000000113,395.83333333332575,5.0
60.00000000000031,1,0,1,0,491.6388888888908,0.700666666666678,395.81944444443684,5.0
60.200000000000315,1,0,1,0,491.611111111113,0.7013333333333447,395.8055555555479,5.0
60.40000000000032,1,0,1,0,491.58333333333525,0.7020000000000114,395.791666666659,5.0
60.60000000000032,1,0,1,0,491.5555555555575,0.7026666666666781,395.7777777777701,5.0
60.800000000000324,1,0,1,0,491.5277777777797,0.7033333333333448,395.7638888888812,5.0
61.00000000000033,1,0,1,0,491.50000000000193,0.7040000000000115,395.74999999999227,5.0
61.20000000000033,1,0,1,0,491.47222222222416,0.7046666666666782,395.73611111110336,5.0
61.40000000000033,1,0,1,0,491.4444444444464,0.7053333333333449,395.72222222221444,5.0
61.600000000000335,1,0,1,0,491.4166666666686,0.7060000000000116,395.7083333333255,5.0
61.80000000000034,1,0,1,0,491.38888888889085,0.7066666666666783,395.6944444444366,5.0
62.00000000000034,1,0,1,0,491.3611111111131,0.707333333333345,395.6805555555477,5.0
62.200000000000344,1,0,1,0,491.3333333333353,0.7080000000000117,395.6666666666588,5.0
62.40000000000035,1,0,1,0,491.30555555555753,0.7086666666666784,395.65277777776987,5.0
62.60000000000035,1,0,1,0,491.27777777777976,0.7093333333333451,395.63888888888096,5.0
62.80000000000035,1,0,1,0,491.250000000002,0.7100000000000118,395.62499999999204,5.0
63.000000000000355,1,0,1,0,491.2222222222242,0.7106666666666785,395.6111111111031,5.0
63.20000000000036,1,0,1,0,491.19444444444645,0.7113333333333453,395.5972222222142,5.0
63.40000000000036,1,0,1,0,491.1666666666687,0.712000000000012,395.5833333333253,5.0
63.600000000000364,1,0,1,0,491.1388888888909,0.7126666666666787,395.5694444444364,5.0
63.80000000000037,1,0,1,0,491.11111111111313,0.7133333333333454,395.55555555554747,5.0
64.00000000000037,1,0,1,0,491.08333333333536,0.7140000000000121,395.54166666665856,5.0
64.20000000000037,1,0,1,0,491.0555555555576,0.7146666666666788,395.52777777776964,5.0
64.40000000000038,1,0,1,0,491.0277777777798,0.7153333333333455,395.51388888888073,5.0
64.60000000000038,1,0,1,0,491.00000000000205,0.7160000000000122,395.4999999999918,5.0
64.80000000000038,1,0,1,0,490.9722222222243,0.7166666666666789,395.4861111111029,5.0
65.00000000000038,1,0,1,0,490.9444444444465,0.7173333333333456,395.472222222214,5.0
65.20000000000039,1,0,1,0,490.91666666666873,0.7180000000000123,395.4583333333251,5.0
65.40000000000039,1,0,1,0,490.88888888889096,0.718666666666679,395.44444444443616,5.0
65.60000000000039,1,0,1,0,490.8611111111132,0.7193333333333457,395.43055555554724,5.0
65.8000000000004,1,0,1,0,490.8333333333354,0.7200000000000124,395.41666666665833,5.0
66.0000000000004,1,0,1,0,490.80555555555765,0.7206666666666791,395.4027777777694,5.0
66.2000000000004,1,0,1,0,490.7777777777799,0.7213333333333458,395.3888888888805,5.0
66.4000000000004,1,0,1,0,490.7500000000021,0.7220000000000125,395.3749999999916,5.0
66.6000000000004,1,0,1,0,490.72222222222433,0.7226666666666792,395.3611111111027,5.0
66.80000000000041,1,0,1,0,490.69444444444656,0.7233333333333459,395.34722222221376,5.0
67.00000000000041,1,0,1,0,490.6666666666688,0.7240000000000126,395.33333333332484,5.0
67.20000000000041,1,0,1,0,490.638888888891,0.7246666666666793,395.31944444443593,5.0
67.40000000000042,1,0,1,0,490.61111111111325,0.725333333333346,395.305555555547,5.0
67.60000000000042,1,0,1,0,490.5833333333355,0.7260000000000127,395.2916666666581,5.0
67.80000000000042,1,0,1,0,490.5555555555577,0.7266666666666795,395.2777777777692,5.0
68.00000000000043,1,0,1,0,490.52777777777993,0.7273333333333462,395.2638888888803,5.0
68.20000000000043,1,0,1,0,490.50000000000216,0.7280000000000129,395.24999999999136,5.0
68.40000000000043,1,0,1,0,490.4722222222244,0.7286666666666796,395.23611111110245,5.0
68.60000000000043,1,0,1,0,490.4444444444466,0.7293333333333463,395.22222222221353,5.0
68.80000000000044,1,0,1,0,490.41666666666885,0.730000000000013,395.2083333333246,5.0
69.00000000000044,1,0,1,0,490.3888888888911,0.7306666666666797,395.1944444444357,5.0
69.20000000000044,1,0,1,0,490.3611111111133,0.7313333333333464,395.1805555555468,5.0
69.40000000000045,1,0,1,0,490.33333333333553,0.7320000000000131,395.1666666666579,5.0
69.60000000000045,1,0,1,0,490.30555555555776,0.7326666666666798,395.15277777776896,5.0
69.80000000000045,1,0,1,0,490.27777777778,0.7333333333333465,395.13888888888005,5.0
70.00000000000045,1,0,1,0,490.2500000000022,0.7340000000000132,395.12499999999113,5.0
70.20000000000046,1,0,1,0,490.22222222222445,0.7346666666666799,395.1111111111022,5.0
70.40000000000046,1,0,1,0,490.1944444444467,0.7353333333333466,395.0972222222133,5.0
70.60000000000046,1,0,1,0,490.1666666666689,0.7360000000000133,395.0833333333244,5.0
70.80000000000047,1,0,1,0,490.13888888889113,0.73666666666668,395.0694444444355,5.0
71.00000000000047,1,0,1,0,490.11111111111336,0.7373333333333467,395.05555555554656,5.0
71.20000000000047,1,0,1,0,490.0833333333356,0.7380000000000134,395.04166666665765,5.0
71.40000000000047,1,0,1,0,490.0555555555578,0.7386666666666801,395.02777777776873,5.0
71.60000000000048,1,0,1,0,490.02777777778005,0.7393333333333468,395.0138888888798,5.0
71.80000000000048,1,0,1,0,490.0000000000023,0.7400000000000135,394.9999999999909,5.0
72.00000000000048,1,0,1,0,489.9722222222245,0.7406666666666802,394.986111111102,5.0
72.20000000000049,1,0,1,0,489.94444444444673,0.7413333333333469,394.9722222222131,5.0
72.40000000000049,1,0,1,0,489.91666666666896,0.7420000000000136,394.95833333332416,5.0
72.60000000000049,1,0,1,0,489.8888888888912,0.7426666666666804,394.94444444443525,5.0
72.8000000000005,1,0,1,0,489.8611111111134,0.7433333333333471,394.93055555554633,5.0
73.0000000000005,1,0,1,0,489.83333333333564,0.7440000000000138,394.9166666666574,5.0
73.2000000000005,1,0,1,0,489.8055555555579,0.7446666666666805,394.9027777777685,5.0
73.4000000000005,1,0,1,0,489.7777777777801,0.7453333333333472,394.8888888888796,5.0
73.6000000000005,1,0,1,0,489.75000000000233,0.7460000000000139,394.8749999999907,5.0
73.80000000000051,1,0,1,0,489.72222222222456,0.7466666666666806,394.86111111110176,5.0
74.00000000000051,1,0,1,0,489.6944444444468,0.7473333333333473,394.84722222221285,5.0
74.20000000000051,1,0,1,0,489.666666666669,0.748000000000014,394.83333333332394,5.0
74.40000000000052,1,0,1,0,489.63888888889124,0.7486666666666807,394.819444444435,5.0
74.60000000000052,1,0,1,0,489.6111111111135,0.7493333333333474,394.8055555555461,5.0
74.80000000000052,1,0,1,0,489.5833333333357,0.7500000000000141,394.7916666666572,5.0
75.00000000000053,1,0,1,0,489.55555555555793,0.7506666666666808,394.7777777777683,5.0
75.20000000000053,1,0,1,0,489.52777777778016,0.7513333333333475,394.76388888887936,5.0
75.40000000000053,1,0,1,0,489.5000000000024,0.7520000000000142,394.74999999999045,5.0
75.60000000000053,1,0,1,0,489.4722222222246,0.7526666666666809,394.73611111110154,5.0
75.80000000000054,1,0,1,0,489.44444444444684,0.7533333333333476,394.7222222222126,5.0
76.00000000000054,1,0,1,0,489.4166666666691,0.7540000000000143,394.7083333333237,5.0
76.20000000000054,1,0,1,0,489.3888888888913,0.754666666666681,394.6944444444348,5.0
76.40000000000055,1,0,1,0,489.36111111111353,0.7553333333333477,394.6805555555459,5.0
76.60000000000055,1,0,1,0,489.33333333333576,0.7560000000000144,394.66666666665697,5.0
76.80000000000055,1,0,1,0,489.305555555558,0.7566666666666811,394.65277777776805,5.0
77.00000000000055,1,0,1,0,489.2777777777802,0.7573333333333478,394.63888888887914,5.0
77.20000000000056,1,0,1,0,489.25000000000244,0.7580000000000146,394.6249999999902,5.0
77.40000000000056,1,0,1,0,489.2222222222247,0.7586666666666813,394.6111111111013,5.0
77.60000000000056,1,0,1,0,489.1944444444469,0.759333333333348,394.5972222222124,5.0
77.80000000000057,1,0,1,0,489.16666666666913,0.7600000000000147,394.5833333333235,5.0
78.00000000000057,1,0,1,0,489.13888888889136,0.7606666666666814,394.56944444443457,5.0
78.20000000000057,1,0,1,0,489.1111111111136,0.7613333333333481,394.55555555554565,5.0
78.40000000000057,1,0,1,0,489.0833333333358,0.7620000000000148,394.54166666665674,5.0
78.60000000000058,1,0,1,0,489.05555555555804,0.7626666666666815,394.5277777777678,5.0
78.80000000000058,1,0,1,0,489.0277777777803,0.7633333333333482,394.5138888888789,5.0
79.00000000000058,1,0,1,0,489.0000000000025,0.7640000000000149,394.49999999999,5.0
79.20000000000059,1,0,1,0,488.97222222222473,0.7646666666666816,394.4861111111011,5.0
79.40000000000059,1,0,1,0,488.94444444444696,0.7653333333333483,394.47222222221217,5.0
79.60000000000059,1,0,1,0,488.9166666666692,0.766000000000015,394.45833333332325,5.0
79.8000000000006,1,0,1,0,488.8888888888914,0.7666666666666817,394.44444444443434,5.0
80.0000000000006,1,0,1,0,488.86111111111364,0.7673333333333484,394.4305555555454,5.0
80.2000000000006,1,0,1,0,488.8333333333359,0.7680000000000151,394.4166666666565,5.0
80.4000000000006,1,0,1,0,488.8055555555581,0.7686666666666818,394.4027777777676,5.0
80.6000000000006,1,0,1,0,488.77777777778033,0.7693333333333485,394.3888888888787,5.0
80.80000000000061,1,0,1,0,488.75000000000256,0.7700000000000152,394.37499999998977,5.0
81.00000000000061,1,0,1,0,488.7222222222248,0.7706666666666819,394.36111111110085,5.0
81.20000000000061,1,0,1,0,488.694444444447,0.7713333333333486,394.34722222221194,5.0
81.40000000000062,1,0,1,0,488.66666666666924,0.7720000000000153,394.333333333323,5.0
81.60000000000062,1,0,1,0,488.6388888888915,0.772666666666682,394.3194444444341,5.0
81.80000000000062,1,0,1,0,488.6111111111137,0.7733333333333487,394.3055555555452,5.0
82.00000000000063,1,0,1,0,488.58333333333593,0.7740000000000155,394.2916666666563,5.0
82.20000000000063,1,0,1,0,488.55555555555816,0.7746666666666822,394.27777777776737,5.0
82.40000000000063,1,0,1,0,488.5277777777804,0.7753333333333489,394.26388888887845,5.0
82.60000000000063,1,0,1,0,488.5000000000026,0.7760000000000156,394.24999999998954,5.0
82.80000000000064,1,0,1,0,488.47222222222484,0.7766666666666823,394.2361111111006,5.0
83.00000000000064,1,0,1,0,488.4444444444471,0.777333333333349,394.2222222222117,5.0
83.20000000000064,1,0,1,0,488.4166666666693,0.7780000000000157,394.2083333333228,5.0
83.40000000000065,1,0,1,0,488.38888888889153,0.7786666666666824,394.1944444444339,5.0
83.60000000000065,1,0,1,0,488.36111111111376,0.7793333333333491,394.18055555554497,5.0
83.80000000000065,1,0,1,0,488.333333333336,0.7800000000000158,394.16666666665606,5.0
84.00000000000065,1,0,1,0,488.3055555555582,0.7806666666666825,394.15277777776714,5.0
84.20000000000066,1,0,1,0,488.27777777778044,0.7813333333333492,394.1388888888782,5.0
84.40000000000066,1,0,1,0,488.2500000000027,0.7820000000000159,394.1249999999893,5.0
84.60000000000066,1,0,1,0,488.2222222222249,0.7826666666666826,394.1111111111004,5.0
84.80000000000067,1,0,1,0,488.19444444444713,0.7833333333333493,394.0972222222115,5.0
85.00000000000067,1,0,1,0,488.16666666666936,0.784000000000016,394.08333333332257,5.0
85.20000000000067,1,0,1,0,488.1388888888916,0.7846666666666827,394.06944444443366,5.0
85.40000000000067,1,0,1,0,488.1111111111138,0.7853333333333494,394.05555555554474,5.0
85.60000000000068,1,0,1,0,488.08333333333604,0.7860000000000161,394.04166666665583,5.0
85.80000000000068,1,0,1,0,488.05555555555827,0.7866666666666828,394.0277777777669,5.0
86.00000000000068,1,0,1,0,488.0277777777805,0.7873333333333495,394.013888888878,5.0
86.20000000000068,1,0,1,0,488.00000000000273,0.7880000000000162,393.9999999999891,5.0
86.40000000000069,1,0,1,0,487.97222222222496,0.788666666666683,393.9861111111002,5.0
86.60000000000069,1,0,1,0,487.9444444444472,0.7893333333333497,393.97222222221126,5.0
86.8000000000007,1,0,1,0,487.9166666666694,0.7900000000000164,393.95833333332234,5.0
87.0000000000007,1,0,1,0,487.88888888889164,0.7906666666666831,393.94444444443343,5.0
87.2000000000007,1,0,1,0,487.86111111111387,0.7913333333333498,393.9305555555445,5.0
87.4000000000007,1,0,1,0,487.8333333333361,0.7920000000000165,393.9166666666556,5.0
87.6000000000007,1,0,1,0,487.8055555555583,0.7926666666666832,393.9027777777667,5.0
87.80000000000071,1,0,1,0,487.77777777778056,0.7933333333333499,393.8888888888778,5.0
88.00000000000071,1,0,1,0,487.7500000000028,0.7940000000000166,393.87499999998886,5.0
88.20000000000071,1,0,1,0,487.722222222225,0.7946666666666833,393.86111111109994,5.0
88.40000000000072,1,0,1,0,487.69444444444724,0.79533333333335,393.84722222221103,5.0
88.60000000000072,1,0,1,0,487.66666666666947,0.7960000000000167,393.8333333333221,5.0
88.80000000000072,1,0,1,0,487.6388888888917,0.7966666666666834,393.8194444444332,5.0
89.00000000000072,1,0,1,0,487.6111111111139,0.7973333333333501,393.8055555555443,5.0
89.20000000000073,1,0,1,0,487.58333333333616,0.7980000000000168,393.7916666666554,5.0
89.40000000000073,1,0,1,0,487.5555555555584,0.7986666666666835,393.77777777776646,5.0
89.60000000000073,1,0,1,0,487.5277777777806,0.7993333333333502,393.76388888887755,5.0
89.80000000000074,1,0,1,0,487.50000000000284,0.8000000000000169,393.74999999998863,5.0
90.00000000000074,1,0,1,0,487.47222222222507,0.8006666666666836,393.7361111110997,5.0
90.20000000000074,1,0,1,0,487.4444444444473,0.8013333333333503,393.7222222222108,5.0
90.40000000000074,1,0,1,0,487.4166666666695,0.802000000000017,393.7083333333219,5.0
90.60000000000075,1,0,1,0,487.38888888889176,0.8026666666666837,393.694444444433,5.0
90.80000000000075,1,0,1,0,487.361111111114,0.8033333333333504,393.68055555554406,5.0
91.00000000000075,1,0,1,0,487.3333333333362,0.8040000000000171,393.66666666665515,5.0
91.20000000000076,1,0,1,0,487.30555555555844,0.8046666666666838,393.65277777776623,5.0
91.40000000000076,1,0,1,0,487.27777777778067,0.8053333333333506,393.6388888888773,5.0
91.60000000000076,1,0,1,0,487.2500000000029,0.8060000000000173,393.6249999999884,5.0
91.80000000000076,1,0,1,0,487.2222222222251,0.806666666666684,393.6111111110995,5.0
92.00000000000077,1,0,1,0,487.19444444444736,0.8073333333333507,393.5972222222106,5.0
92.20000000000077,1,0,1,0,487.1666666666696,0.8080000000000174,393.58333333332166,5.0
92.40000000000077,1,0,1,0,487.1388888888918,0.8086666666666841,393.56944444443275,5.0
92.60000000000078,1,0,1,0,487.11111111111404,0.8093333333333508,393.55555555554383,5.0
92.80000000000078,1,0,1,0,487.08333333333627,0.8100000000000175,393.5416666666549,5.0
93.00000000000078,1,0,1,0,487.0555555555585,0.8106666666666842,393.527777777766,5.0
93.20000000000078,1,0,1,0,487.0277777777807,0.8113333333333509,393.5138888888771,5.0
93.40000000000079,1,0,1,0,487.00000000000296,0.8120000000000176,393.4999999999882,5.0
93.60000000000079,1,0,1,0,486.9722222222252,0.8126666666666843,393.48611111109926,5.0
93.8000000000008,1,0,1,0,486.9444444444474,0.813333333333351,393.47222222221035,5.0
94.0000000000008,1,0,1,0,486.91666666666964,0.8140000000000177,393.45833333332143,5.0
94.2000000000008,1,0,1,0,486.88888888889187,0.8146666666666844,393.4444444444325,5.0
94.4000000000008,1,0,1,0,486.8611111111141,0.8153333333333511,393.4305555555436,5.0
94.6000000000008,1,0,1,0,486.8333333333363,0.8160000000000178,393.4166666666547,5.0
94.80000000000081,1,0,1,0,486.80555555555856,0.8166666666666845,393.4027777777658,5.0
95.00000000000081,1,0,1,0,486.7777777777808,0.8173333333333512,393.38888888887686,5.0
95.20000000000081,1,0,1,0,486.750000000003,0.8180000000000179,393.37499999998795,5.0
95.40000000000082,1,0,1,0,486.72222222222524,0.8186666666666846,393.36111111109904,5.0
95.60000000000082,1,0,1,0,486.69444444444747,0.8193333333333513,393.3472222222101,5.0
95.80000000000082,1,0,1,0,486.6666666666697,0.820000000000018,393.3333333333212,5.0
96.00000000000082,1,0,1,0,486.6388888888919,0.8206666666666848,393.3194444444323,5.0
96.20000000000083,1,0,1,0,486.61111111111416,0.8213333333333515,393.3055555555434,5.0
96.40000000000083,1,0,1,0,486.5833333333364,0.8220000000000182,393.29166666665446,5.0
96.60000000000083,1,0,1,0,486.5555555555586,0.8226666666666849,393.27777777776555,5.0
96.80000000000084,1,0,1,0,486.52777777778084,0.8233333333333516,393.26388888887664,5.0
97.00000000000084,1,0,1,0,486.50000000000307,0.8240000000000183,393.2499999999877,5.0
97.20000000000084,1,0,1,0,486.4722222222253,0.824666666666685,393.2361111110988,5.0
97.40000000000084,1,0,1,0,486.4444444444475,0.8253333333333517,393.2222222222099,5.0
97.60000000000085,1,0,1,0,486.41666666666976,0.8260000000000184,393.208333333321,5.0
97.80000000000085,1,0,1,0,486.388888888892,0.8266666666666851,393.19444444443207,5.0
98.00000000000085,1,0,1,0,486.3611111111142,0.8273333333333518,393.18055555554315,5.0
98.20000000000086,1,0,1,0,486.33333333333644,0.8280000000000185,393.16666666665424,5.0
98.40000000000086,1,0,1,0,486.30555555555867,0.8286666666666852,393.1527777777653,5.0
98.60000000000086,1,0,1,0,486.2777777777809,0.8293333333333519,393.1388888888764,5.0
98.80000000000086,1,0,1,0,486.2500000000031,0.8300000000000186,393.1249999999875,5.0
99.00000000000087,1,0,1,0,486.22222222222535,0.8306666666666853,393.1111111110986,5.0
99.20000000000087,1,0,1,0,486.1944444444476,0.831333333333352,393.09722222220967,5.0
99.40000000000087,1,0,1,0,486.1666666666698,0.8320000000000187,393.08333333332075,5.0
99.60000000000088,1,0,1,0,486.13888888889204,0.8326666666666854,393.06944444443184,5.0
99.80000000000088,1,0,1,0,486.11111111111427,0.8333333333333521,393.0555555555429,5.0
100.00000000000088,1,0,1,0,486.0833333333365,0.8340000000000188,393.041666666654,5.0
100.20000000000088,1,0,1,0,486.0555555555587,0.8346666666666855,393.0277777777651,5.0
100.40000000000089,1,0,1,0,486.02777777778095,0.8353333333333522,393.0138888888762,5.0
100.60000000000089,1,0,1,0,486.0000000000032,0.836000000000019,392.99999999998727,5.0
100.80000000000089,1,0,1,0,485.9722222222254,0.8366666666666857,392.98611111109835,5.0
101.0000000000009,1,0,1,0,485.94444444444764,0.8373333333333524,392.97222222220944,5.0
101.2000000000009,1,0,1,0,485.91666666666987,0.8380000000000191,392.9583333333205,5.0
101.4000000000009,1,0,1,0,485.8888888888921,0.8386666666666858,392.9444444444316,5.0
101.6000000000009,1,0,1,0,485.8611111111143,0.8393333333333525,392.9305555555427,5.0
101.8000000000009,1,0,1,0,485.83333333333655,0.8400000000000192,392.9166666666538,5.0
102.00000000000091,1,0,1,0,485.8055555555588,0.8406666666666859,392.90277777776487,5.0
102.20000000000091,1,0,1,0,485.777777777781,0.8413333333333526,392.88888888887595,5.0
102.40000000000092,1,0,1,0,485.75000000000324,0.8420000000000193,392.87499999998704,5.0
102.60000000000092,1,0,1,0,485.72222222222547,0.842666666666686,392.8611111110981,5.0
102.80000000000092,1,0,1,0,485.6944444444477,0.8433333333333527,392.8472222222092,5.0
103.00000000000092,1,0,1,0,485.6666666666699,0.8440000000000194,392.8333333333203,5.0
103.20000000000093,1,0,1,0,485.63888888889215,0.8446666666666861,392.8194444444314,5.0
103.40000000000093,1,0,1,0,485.6111111111144,0.8453333333333528,392.80555555554247,5.0
103.60000000000093,1,0,1,0,485.5833333333366,0.8460000000000195,392.79166666665355,5.0
103.80000000000094,1,0,1,0,485.55555555555884,0.8466666666666862,392.77777777776464,5.0
104.00000000000094,1,0,1,0,485.52777777778107,0.8473333333333529,392.7638888888757,5.0
104.20000000000094,1,0,1,0,485.5000000000033,0.8480000000000196,392.7499999999868,5.0
104.40000000000094,1,0,1,0,485.4722222222255,0.8486666666666863,392.7361111110979,5.0
104.60000000000095,1,0,1,0,485.44444444444775,0.849333333333353,392.722222222209,5.0
104.80000000000095,1,0,1,0,485.41666666667,0.8500000000000197,392.70833333332007,5.0
105.00000000000095,1,0,1,0,485.3888888888922,0.8506666666666864,392.69444444443116,5.0
105.20000000000095,1,0,1,0,485.36111111111444,0.8513333333333531,392.68055555554224,5.0
105.40000000000096,1,0,1,0,485.33333333333667,0.8520000000000199,392.6666666666533,5.0
105.60000000000096,1,0,1,0,485.3055555555589,0.8526666666666866,392.6527777777644,5.0
105.80000000000096,1,0,1,0,485.2777777777811,0.8533333333333533,392.6388888888755,5.0
106.00000000000097,1,0,1,0,485.25000000000335,0.85400000000002,392.6249999999866,5.0
106.20000000000097,1,0,1,0,485.2222222222256,0.8546666666666867,392.61111111109767,5.0
106.40000000000097,1,0,1,0,485.1944444444478,0.8553333333333534,392.59722222220876,5.0
106.60000000000097,1,0,1,0,485.16666666667004,0.8560000000000201,392.58333333331984,5.0
106.80000000000098,1,0,1,0,485.13888888889227,0.8566666666666868,392.5694444444309,5.0
107.00000000000098,1,0,1,0,485.1111111111145,0.8573333333333535,392.555555555542,5.0
107.20000000000098,1,0,1,0,485.0833333333367,0.8580000000000202,392.5416666666531,5.0
107.40000000000099,1,0,1,0,485.05555555555895,0.8586666666666869,392.5277777777642,5.0
107.60000000000099,1,0,1,0,485.0277777777812,0.8593333333333536,392.5138888888753,5.0
107.80000000000099,1,0,1,0,485.0000000000034,0.8600000000000203,392.49999999998636,5.0
108.000000000001,1,0,1,0,484.97222222222564,0.860666666666687,392.48611111109744,5.0
108.200000000001,1,0,1,0,484.94444444444787,0.8613333333333537,392.47222222220853,5.0
108.400000000001,1,0,1,0,484.9166666666701,0.8620000000000204,392.4583333333196,5.0
108.600000000001,1,0,1,0,484.8888888888923,0.8626666666666871,392.4444444444307,5.0
108.800000000001,1,0,1,0,484.86111111111455,0.8633333333333538,392.4305555555418,5.0
109.00000000000101,1,0,1,0,484.8333333333368,0.8640000000000205,392.4166666666529,5.0
109.20000000000101,1,0,1,0,484.805555555559,0.8646666666666872,392.40277777776396,5.0
109.40000000000101,1,0,1,0,484.77777777778124,0.8653333333333539,392.38888888887504,5.0
109.60000000000102,1,0,1,0,484.75000000000347,0.8660000000000206,392.37499999998613,5.0
109.80000000000102,1,0,1,0,484.7222222222257,0.8666666666666873,392.3611111110972,5.0
110.00000000000102,1,0,1,0,484.6944444444479,0.867333333333354,392.3472222222083,5.0
110.20000000000103,1,0,1,0,484.66666666667015,0.8680000000000208,392.3333333333194,5.0
110.40000000000103,1,0,1,0,484.6388888888924,0.8686666666666875,392.3194444444305,5.0
110.60000000000103,1,0,1,0,484.6111111111146,0.8693333333333542,392.30555555554156,5.0
110.80000000000103,1,0,1,0,484.58333333333684,0.8700000000000209,392.29166666665265,5.0
111.00000000000104,1,0,1,0,484.55555555555907,0.8706666666666876,392.27777777776373,5.0
111.20000000000104,1,0,1,0,484.5277777777813,0.8713333333333543,392.2638888888748,5.0
111.40000000000104,1,0,1,0,484.5000000000035,0.872000000000021,392.2499999999859,5.0
111.60000000000105,1,0,1,0,484.47222222222575,0.8726666666666877,392.236111111097,5.0
111.80000000000105,1,0,1,0,484.444444444448,0.8733333333333544,392.2222222222081,5.0
112.00000000000105,1,0,1,0,484.4166666666702,0.8740000000000211,392.20833333331916,5.0
112.20000000000105,1,0,1,0,484.38888888889244,0.8746666666666878,392.19444444443025,5.0
112.40000000000106,1,0,1,0,484.36111111111467,0.8753333333333545,392.18055555554133,5.0
112.60000000000106,1,0,1,0,484.3333333333369,0.8760000000000212,392.1666666666524,5.0
112.80000000000106,1,0,1,0,484.3055555555591,0.8766666666666879,392.1527777777635,5.0
113.00000000000107,1,0,1,0,484.27777777778135,0.8773333333333546,392.1388888888746,5.0
113.20000000000107,1,0,1,0,484.2500000000036,0.8780000000000213,392.1249999999857,5.0
113.40000000000107,1,0,1,0,484.2222222222258,0.878666666666688,392.11111111109676,5.0
113.60000000000107,1,0,1,0,484.19444444444804,0.8793333333333547,392.09722222220785,5.0
113.80000000000108,1,0,1,0,484.16666666667027,0.8800000000000214,392.08333333331893,5.0
114.00000000000108,1,0,1,0,484.1388888888925,0.8806666666666881,392.06944444443,5.0
114.20000000000108,1,0,1,0,484.1111111111147,0.8813333333333548,392.0555555555411,5.0
114.40000000000109,1,0,1,0,484.08333333333695,0.8820000000000215,392.0416666666522,5.0
114.60000000000109,1,0,1,0,484.0555555555592,0.8826666666666882,392.0277777777633,5.0
114.80000000000109,1,0,1,0,484.0277777777814,0.883333333333355,392.01388888887436,5.0
115.0000000000011,1,0,1,0,484.00000000000364,0.8840000000000217,391.99999999998545,5.0
115.2000000000011,1,0,1,0,483.97222222222587,0.8846666666666884,391.98611111109653,5.0
115.4000000000011,1,0,1,0,483.9444444444481,0.8853333333333551,391.9722222222076,5.0
115.6000000000011,1,0,1,0,483.9166666666703,0.8860000000000218,391.9583333333187,5.0
115.8000000000011,1,0,1,0,483.88888888889255,0.8866666666666885,391.9444444444298,5.0
116.00000000000111,1,0,1,0,483.8611111111148,0.8873333333333552,391.9305555555409,5.0
116.20000000000111,1,0,1,0,483.833333333337,0.8880000000000219,391.91666666665196,5.0
116.40000000000111,1,0,1,0,483.80555555555924,0.8886666666666886,391.90277777776305,5.0
116.60000000000112,1,0,1,0,483.77777777778147,0.8893333333333553,391.88888888887413,5.0
116.80000000000112,1,0,1,0,483.7500000000037,0.890000000000022,391.8749999999852,5.0
117.00000000000112,1,0,1,0,483.7222222222259,0.8906666666666887,391.8611111110963,5.0
117.20000000000113,1,0,1,0,483.69444444444815,0.8913333333333554,391.8472222222074,5.0
117.40000000000113,1,0,1,0,483.6666666666704,0.8920000000000221,391.8333333333185,5.0
117.60000000000113,1,0,1,0,483.6388888888926,0.8926666666666888,391.81944444442956,5.0
117.80000000000113,1,0,1,0,483.61111111111484,0.8933333333333555,391.80555555554065,5.0
118.00000000000114,1,0,1,0,483.58333333333707,0.8940000000000222,391.79166666665174,5.0
118.20000000000114,1,0,1,0,483.5555555555593,0.8946666666666889,391.7777777777628,5.0
118.40000000000114,1,0,1,0,483.5277777777815,0.8953333333333556,391.7638888888739,5.0
118.60000000000115,1,0,1,0,483.50000000000375,0.8960000000000223,391.749999999985,5.0
118.80000000000115,1,0,1,0,483.472222222226,0.896666666666689,391.7361111110961,5.0
119.00000000000115,1,0,1,0,483.4444444444482,0.8973333333333557,391.72222222220717,5.0
119.20000000000115,1,0,1,0,483.41666666667044,0.8980000000000224,391.70833333331825,5.0
119.40000000000116,1,0,1,0,483.38888888889267,0.8986666666666892,391.69444444442934,5.0
119.60000000000116,1,0,1,0,483.3611111111149,0.8993333333333559,391.6805555555404,5.0
119.80000000000116,1,0,1,0,483.3333333333371,0.9000000000000226,391.6666666666515,5.0
120.00000000000117,1,0,1,0,483.30555555555935,0.9006666666666893,391.6527777777626,5.0
120.20000000000117,1,0,1,0,483.2777777777816,0.901333333333356,391.6388888888737,5.0
120.40000000000117,1,0,1,0,483.2500000000038,0.9020000000000227,391.62499999998477,5.0
120.60000000000117,1,0,1,0,483.22222222222604,0.9026666666666894,391.61111111109585,5.0
120.80000000000118,1,0,1,0,483.19444444444827,0.9033333333333561,391.59722222220694,5.0
121.00000000000118,1,0,1,0,483.1666666666705,0.9040000000000228,391.583333333318,5.0
121.20000000000118,1,0,1,0,483.1388888888927,0.9046666666666895,391.5694444444291,5.0
121.40000000000119,1,0,1,0,483.11111111111495,0.9053333333333562,391.5555555555402,5.0
121.60000000000119,1,0,1,0,483.0833333333372,0.9060000000000229,391.5416666666513,5.0
121.80000000000119,1,0,1,0,483.0555555555594,0.9066666666666896,391.52777777776237,5.0
122.0000000000012,1,0,1,0,483.02777777778164,0.9073333333333563,391.51388888887345,5.0
122.2000000000012,1,0,1,0,483.00000000000387,0.908000000000023,391.49999999998454,5.0
122.4000000000012,1,0,1,0,482.9722222222261,0.9086666666666897,391.4861111110956,5.0
122.6000000000012,1,0,1,0,482.9444444444483,0.9093333333333564,391.4722222222067,5.0
122.8000000000012,1,0,1,0,482.91666666667055,0.9100000000000231,391.4583333333178,5.0
123.00000000000121,1,0,1,0,482.8888888888928,0.9106666666666898,391.4444444444289,5.0
123.20000000000121,1,0,1,0,482.861111111115,0.9113333333333565,391.43055555553997,5.0
123.40000000000121,1,0,1,0,482.83333333333724,0.9120000000000232,391.41666666665105,5.0
123.60000000000122,1,0,1,0,482.80555555555947,0.9126666666666899,391.40277777776214,5.0
123.80000000000122,1,0,1,0,482.7777777777817,0.9133333333333566,391.3888888888732,5.0
124.00000000000122,1,0,1,0,482.7500000000039,0.9140000000000233,391.3749999999843,5.0
124.20000000000122,1,0,1,0,482.72222222222615,0.91466666666669,391.3611111110954,5.0
124.40000000000123,1,0,1,0,482.6944444444484,0.9153333333333568,391.3472222222065,5.0
124.60000000000123,1,0,1,0,482.6666666666706,0.9160000000000235,391.33333333331757,5.0
124.80000000000123,1,0,1,0,482.63888888889284,0.9166666666666902,391.31944444442865,5.0
125.00000000000124,1,0,1,0,482.61111111111506,0.9173333333333569,391.30555555553974,5.0
125.20000000000124,1,0,1,0,482.5833333333373,0.9180000000000236,391.2916666666508,5.0
125.40000000000124,1,0,1,0,482.5555555555595,0.9186666666666903,391.2777777777619,5.0
125.60000000000124,1,0,1,0,482.52777777778175,0.919333333333357,391.263888888873,5.0
125.80000000000125,1,0,1,0,482.500000000004,0.9200000000000237,391.2499999999841,5.0
126.00000000000125,1,0,1,0,482.4722222222262,0.9206666666666904,391.23611111109517,5.0
126.20000000000125,1,0,1,0,482.44444444444844,0.9213333333333571,391.22222222220626,5.0
126.40000000000126,1,0,1,0,482.41666666667066,0.9220000000000238,391.20833333331734,5.0
126.60000000000126,1,0,1,0,482.3888888888929,0.9226666666666905,391.1944444444284,5.0
126.80000000000126,1,0,1,0,482.3611111111151,0.9233333333333572,391.1805555555395,5.0
127.00000000000126,1,0,1,0,482.33333333333735,0.9240000000000239,391.1666666666506,5.0
127.20000000000127,1,0,1,0,482.3055555555596,0.9246666666666906,391.1527777777617,5.0
127.40000000000127,1,0,1,0,482.2777777777818,0.9253333333333573,391.13888888887277,5.0
127.60000000000127,1,0,1,0,482.25000000000404,0.926000000000024,391.12499999998386,5.0
127.80000000000128,1,0,1,0,482.22222222222626,0.9266666666666907,391.11111111109494,5.0
128.00000000000128,1,0,1,0,482.1944444444485,0.9273333333333574,391.097222222206,5.0
128.20000000000127,1,0,1,0,482.1666666666707,0.9280000000000241,391.0833333333171,5.0
128.40000000000126,1,0,1,0,482.13888888889295,0.9286666666666908,391.0694444444282,5.0
128.60000000000124,1,0,1,0,482.1111111111152,0.9293333333333575,391.0555555555393,5.0
128.80000000000123,1,0,1,0,482.0833333333374,0.9300000000000243,391.04166666665037,5.0
129.00000000000122,1,0,1,0,482.05555555555964,0.930666666666691,391.02777777776146,5.0
129.2000000000012,1,0,1,0,482.02777777778186,0.9313333333333577,391.01388888887254,5.0
129.4000000000012,1,0,1,0,482.0000000000041,0.9320000000000244,390.99999999998363,5.0
129.6000000000012,1,0,1,0,481.9722222222263,0.9326666666666911,390.9861111110947,5.0
129.80000000000118,1,0,1,0,481.94444444444855,0.9333333333333578,390.9722222222058,5.0
130.00000000000117,1,0,1,0,481.9166666666708,0.9340000000000245,390.9583333333169,5.0
130.20000000000115,1,0,1,0,481.888888888893,0.9346666666666912,390.944444444428,5.0
130.40000000000114,1,0,1,0,481.86111111111524,0.9353333333333579,390.93055555553906,5.0
130.60000000000113,1,0,1,0,481.83333333333746,0.9360000000000246,390.91666666665014,5.0
130.80000000000112,1,0,1,0,481.8055555555597,0.9366666666666913,390.90277777776123,5.0
131.0000000000011,1,0,1,0,481.7777777777819,0.937333333333358,390.8888888888723,5.0
131.2000000000011,1,0,1,0,481.75000000000415,0.9380000000000247,390.8749999999834,5.0
131.40000000000109,1,0,1,0,481.7222222222264,0.9386666666666914,390.8611111110945,5.0
131.60000000000107,1,0,1,0,481.6944444444486,0.9393333333333581,390.8472222222056,5.0
131.80000000000106,1,0,1,0,481.66666666667084,0.9400000000000248,390.83333333331666,5.0
132.00000000000105,1,0,1,0,481.63888888889306,0.9406666666666915,390.81944444442775,5.0
132.20000000000104,1,0,1,0,481.6111111111153,0.9413333333333582,390.80555555553883,5.0
132.40000000000103,1,0,1,0,481.5833333333375,0.9420000000000249,390.7916666666499,5.0
132.60000000000102,1,0,1,0,481.55555555555975,0.9426666666666916,390.777777777761,5.0
132.800000000001,1,0,1,0,481.527777777782,0.9433333333333583,390.7638888888721,5.0
133.000000000001,1,0,1,0,481.5000000000042,0.944000000000025,390.7499999999832,5.0
133.20000000000098,1,0,1,0,481.47222222222643,0.9446666666666917,390.73611111109426,5.0
133.40000000000097,1,0,1,0,481.44444444444866,0.9453333333333584,390.72222222220535,5.0
133.60000000000096,1,0,1,0,481.4166666666709,0.9460000000000252,390.70833333331643,5.0
133.80000000000095,1,0,1,0,481.3888888888931,0.9466666666666919,390.6944444444275,5.0
134.00000000000094,1,0,1,0,481.36111111111535,0.9473333333333586,390.6805555555386,5.0
134.20000000000093,1,0,1,0,481.3333333333376,0.9480000000000253,390.6666666666497,5.0
134.40000000000092,1,0,1,0,481.3055555555598,0.948666666666692,390.6527777777608,5.0
134.6000000000009,1,0,1,0,481.27777777778203,0.9493333333333587,390.63888888887186,5.0
134.8000000000009,1,0,1,0,481.25000000000426,0.9500000000000254,390.62499999998295,5.0
135.00000000000088,1,0,1,0,481.2222222222265,0.9506666666666921,390.61111111109403,5.0
135.20000000000087,1,0,1,0,481.1944444444487,0.9513333333333588,390.5972222222051,5.0
135.40000000000086,1,0,1,0,481.16666666667095,0.9520000000000255,390.5833333333162,5.0
135.60000000000085,1,0,1,0,481.1388888888932,0.9526666666666922,390.5694444444273,5.0
135.80000000000084,1,0,1,0,481.1111111111154,0.9533333333333589,390.5555555555384,5.0
136.00000000000082,1,0,1,0,481.08333333333763,0.9540000000000256,390.54166666664946,5.0
136.2000000000008,1,0,1,0,481.05555555555986,0.9546666666666923,390.52777777776055,5.0
136.4000000000008,1,0,1,0,481.0277777777821,0.955333333333359,390.51388888887163,5.0
136.6000000000008,1,0,1,0,481.0000000000043,0.9560000000000257,390.4999999999827,5.0
136.80000000000078,1,0,1,0,480.97222222222655,0.9566666666666924,390.4861111110938,5.0
137.00000000000077,1,0,1,0,480.9444444444488,0.9573333333333591,390.4722222222049,5.0
137.20000000000076,1,0,1,0,480.916666666671,0.9580000000000258,390.458333333316,5.0
137.40000000000074,1,0,1,0,480.88888888889323,0.9586666666666925,390.44444444442706,5.0
137.60000000000073,1,0,1,0,480.86111111111546,0.9593333333333592,390.43055555553815,5.0
137.80000000000072,1,0,1,0,480.8333333333377,0.9600000000000259,390.41666666664923,5.0
138.0000000000007,1,0,1,0,480.8055555555599,0.9606666666666926,390.4027777777603,5.0
138.2000000000007,1,0,1,0,480.77777777778215,0.9613333333333594,390.3888888888714,5.0
138.4000000000007,1,0,1,0,480.7500000000044,0.9620000000000261,390.3749999999825,5.0
138.60000000000068,1,0,1,0,480.7222222222266,0.9626666666666928,390.3611111110936,5.0
138.80000000000067,1,0,1,0,480.69444444444883,0.9633333333333595,390.34722222220466,5.0
139.00000000000065,1,0,1,0,480.66666666667106,0.9640000000000262,390.33333333331575,5.0
139.20000000000064,1,0,1,0,480.6388888888933,0.9646666666666929,390.31944444442684,5.0
139.40000000000063,1,0,1,0,480.6111111111155,0.9653333333333596,390.3055555555379,5.0
139.60000000000062,1,0,1,0,480.58333333333775,0.9660000000000263,390.291666666649,5.0
139.8000000000006,1,0,1,0,480.55555555556,0.966666666666693,390.2777777777601,5.0
140.0000000000006,1,0,1,0,480.5277777777822,0.9673333333333597,390.2638888888712,5.0
140.20000000000059,1,0,1,0,480.50000000000443,0.9680000000000264,390.24999999998226,5.0
140.40000000000057,1,0,1,0,480.47222222222666,0.9686666666666931,390.23611111109335,5.0
140.60000000000056,1,0,1,0,480.4444444444489,0.9693333333333598,390.22222222220444,5.0
140.80000000000055,1,0,1,0,480.4166666666711,0.9700000000000265,390.2083333333155,5.0
141.00000000000054,1,0,1,0,480.38888888889335,0.9706666666666932,390.1944444444266,5.0
141.20000000000053,1,0,1,0,480.3611111111156,0.9713333333333599,390.1805555555377,5.0
141.40000000000052,1,0,1,0,480.3333333333378,0.9720000000000266,390.1666666666488,5.0
141.6000000000005,1,0,1,0,480.30555555556003,0.9726666666666933,390.15277777775987,5.0
141.8000000000005,1,0,1,0,480.27777777778226,0.97333333333336,390.13888888887095,5.0
142.00000000000048,1,0,1,0,480.2500000000045,0.9740000000000267,390.12499999998204,5.0
142.20000000000047,1,0,1,0,480.2222222222267,0.9746666666666934,390.1111111110931,5.0
142.40000000000046,1,0,1,0,480.19444444444895,0.9753333333333601,390.0972222222042,5.0
142.60000000000045,1,0,1,0,480.1666666666712,0.9760000000000268,390.0833333333153,5.0
142.80000000000044,1,0,1,0,480.1388888888934,0.9766666666666936,390.0694444444264,5.0
143.00000000000043,1,0,1,0,480.11111111111563,0.9773333333333603,390.05555555553747,5.0
143.20000000000041,1,0,1,0,480.08333333333786,0.978000000000027,390.04166666664855,5.0
143.4000000000004,1,0,1,0,480.0555555555601,0.9786666666666937,390.02777777775964,5.0
143.6000000000004,1,0,1,0,480.0277777777823,0.9793333333333604,390.0138888888707,5.0
143.80000000000038,1,0,1,0,480.00000000000455,0.9800000000000271,389.9999999999818,5.0
144.00000000000037,1,0,1,0,479.9722222222268,0.9806666666666938,389.9861111110929,5.0
144.20000000000036,1,0,1,0,479.944444444449,0.9813333333333605,389.972222222204,5.0
144.40000000000035,1,0,1,0,479.91666666667123,0.9820000000000272,389.95833333331507,5.0
144.60000000000034,1,0,1,0,479.88888888889346,0.9826666666666939,389.94444444442615,5.0
144.80000000000032,1,0,1,0,479.8611111111157,0.9833333333333606,389.93055555553724,5.0
145.0000000000003,1,0,1,0,479.8333333333379,0.9840000000000273,389.9166666666483,5.0
145.2000000000003,1,0,1,0,479.80555555556015,0.984666666666694,389.9027777777594,5.0
145.4000000000003,1,0,1,0,479.7777777777824,0.9853333333333607,389.8888888888705,5.0
145.60000000000028,1,0,1,0,479.7500000000046,0.9860000000000274,389.8749999999816,5.0
145.80000000000027,1,0,1,0,479.72222222222683,0.9866666666666941,389.86111111109267,5.0
146.00000000000026,1,0,1,0,479.69444444444906,0.9873333333333608,389.84722222220375,5.0
146.20000000000024,1,0,1,0,479.6666666666713,0.9880000000000275,389.83333333331484,5.0
146.40000000000023,1,0,1,0,479.6388888888935,0.9886666666666942,389.8194444444259,5.0
146.60000000000022,1,0,1,0,479.61111111111575,0.9893333333333609,389.805555555537,5.0
146.8000000000002,1,0,1,0,479.583333333338,0.9900000000000276,389.7916666666481,5.0
147.0000000000002,1,0,1,0,479.5555555555602,0.9906666666666943,389.7777777777592,5.0
147.2000000000002,1,0,1,0,479.52777777778243,0.991333333333361,389.76388888887027,5.0
147.40000000000018,1,0,1,0,479.50000000000466,0.9920000000000277,389.74999999998136,5.0
147.60000000000016,1,0,1,0,479.4722222222269,0.9926666666666945,389.73611111109244,5.0
147.80000000000015,1,0,1,0,479.4444444444491,0.9933333333333612,389.7222222222035,5.0
148.00000000000014,1,0,1,0,479.41666666667135,0.9940000000000279,389.7083333333146,5.0
148.20000000000013,1,0,1,0,479.3888888888936,0.9946666666666946,389.6944444444257,5.0
148.40000000000012,1,0,1,0,479.3611111111158,0.9953333333333613,389.6805555555368,5.0
148.6000000000001,1,0,1,0,479.33333333333803,0.996000000000028,389.66666666664787,5.0
148.8000000000001,1,0,1,0,479.30555555556026,0.9966666666666947,389.65277777775896,5.0
149.00000000000009,1,0,1,0,479.2777777777825,0.9973333333333614,389.63888888887004,5.0
149.20000000000007,1,0,1,0,479.2500000000047,0.9980000000000281,389.6249999999811,5.0
149.40000000000006,1,0,1,0,479.22222222222695,0.9986666666666948,389.6111111110922,5.0
149.60000000000005,1,0,1,0,479.1944444444492,0.9993333333333615,389.5972222222033,5.0
149.80000000000004,1,0,1,0,479.1666666666714,1.0000000000000282,389.5833333333144,5.0
150.00000000000003,1,0,1,0,479.13888888889363,1.0006666666666948,389.56944444442547,5.0
150.20000000000002,1,0,1,0,479.11111111111586,1.0013333333333614,389.55555555553656,5.0
150.4,1,1,1,1,479.0833333333381,1.0011666666666947,389.54166666664764,5.0
150.6,1,1,1,1,479.0555555555603,1.001000000000028,389.52777777775873,5.0
150.79999999999998,1,1,1,1,479.02777777778255,1.0008333333333614,389.5138888888698,5.0
150.99999999999997,1,1,1,1,479.0000000000048,1.0006666666666948,389.4999999999809,5.0
151.19999999999996,1,1,1,1,478.972222222227,1.0005000000000281,389.486111111092,5.0
151.39999999999995,1,1,1,1,478.94444444444923,1.0003333333333615,389.4722222222031,5.0
151.59999999999994,1,1,1,1,478.91666666667146,1.0001666666666948,389.45833333331416,5.0
151.79999999999993,1,1,1,1,478.8888888888937,1.0000000000000282,389.44444444442524,5.0
151.99999999999991,1,1,1,1,478.8611111111159,0.9998333333333614,389.43055555553633,5.0
152.1999999999999,1,1,1,1,478.83333333333815,0.9996666666666948,389.4166666666474,5.0
152.3999999999999,1,1,1,1,478.8055555555604,0.9995000000000281,389.4027777777585,5.0
152.59999999999988,1,1,1,1,478.7777777777826,0.9993333333333615,389.3888888888696,5.0
152.79999999999987,1,1,1,1,478.75000000000483,0.9991666666666948,389.3749999999807,5.0
152.99999999999986,1,1,1,1,478.72222222222706,0.9990000000000282,389.36111111109176,5.0
153.19999999999985,1,1,1,1,478.6944444444493,0.9988333333333616,389.34722222220284,5.0
153.39999999999984,1,1,1,1,478.6666666666715,0.9986666666666949,389.33333333331393,5.0
153.59999999999982,1,1,1,1,478.63888888889375,0.9985000000000283,389.319444444425,5.0
153.7999999999998,1,1,1,1,478.611111111116,0.9983333333333616,389.3055555555361,5.0
153.9999999999998,1,1,1,1,478.5833333333382,0.998166666666695,389.2916666666472,5.0
154.1999999999998,1,1,1,1,478.55555555556043,0.9980000000000283,389.2777777777583,5.0
154.39999999999978,1,1,1,1,478.52777777778266,0.9978333333333617,389.26388888886936,5.0
154.59999999999977,1,1,1,1,478.5000000000049,0.997666666666695,389.24999999998045,5.0
154.79999999999976,1,1,1,1,478.4722222222271,0.9975000000000284,389.23611111109153,5.0
154.99999999999974,1,1,1,1,478.44444444444935,0.9973333333333617,389.2222222222026,5.0
155.19999999999973,1,1,1,1,478.4166666666716,0.9971666666666951,389.2083333333137,5.0
155.39999999999972,1,1,1,1,478.3888888888938,0.9970000000000284,389.1944444444248,5.0
155.5999999999997,1,1,1,1,478.36111111111603,0.9968333333333618,389.1805555555359,5.0
155.7999999999997,1,1,1,1,478.33333333333826,0.9966666666666951,389.16666666664696,5.0
155.9999999999997,1,1,1,1,478.3055555555605,0.9965000000000285,389.15277777775805,5.0
156.19999999999968,1,1,1,1,478.2777777777827,0.9963333333333618,389.13888888886913,5.0
156.39999999999966,1,1,1,1,478.25000000000495,0.9961666666666952,389.1249999999802,5.0
156.59999999999965,1,1,1,1,478.2222222222272,0.9960000000000285,389.1111111110913,5.0
156.79999999999964,1,1,1,1,478.1944444444494,0.9958333333333619,389.0972222222024,5.0
156.99999999999963,1,1,1,1,478.16666666667163,0.9956666666666952,389.0833333333135,5.0
157.19999999999962,1,1,1,1,478.13888888889386,0.9955000000000286,389.06944444442456,5.0
157.3999999999996,1,1,1,1,478.1111111111161,0.9953333333333619,389.05555555553565,5.0
157.5999999999996,1,1,1,1,478.0833333333383,0.9951666666666953,389.04166666664673,5.0
157.79999999999959,1,1,1,1,478.05555555556055,0.9950000000000286,389.0277777777578,5.0
157.99999999999957,1,1,1,1,478.0277777777828,0.994833333333362,389.0138888888689,5.0
158.19999999999956,1,1,1,1,478.000000000005,0.9946666666666953,388.99999999998,5.0
158.39999999999955,1,1,1,1,477.97222222222723,0.9945000000000287,388.9861111110911,5.0
158.59999999999954,1,1,1,1,477.94444444444946,0.994333333333362,388.97222222220216,5.0
158.79999999999953,1,1,1,1,477.9166666666717,0.9941666666666954,388.95833333331325,5.0
158.99999999999952,1,1,1,1,477.8888888888939,0.9940000000000287,388.94444444442433,5.0
159.1999999999995,1,1,1,1,477.86111111111614,0.9938333333333621,388.9305555555354,5.0
159.3999999999995,1,1,1,1,477.8333333333384,0.9936666666666955,388.9166666666465,5.0
159.59999999999948,1,1,1,1,477.8055555555606,0.9935000000000288,388.9027777777576,5.0
159.79999999999947,1,1,1,1,477.77777777778283,0.9933333333333622,388.8888888888687,5.0
159.99999999999946,1,1,1,1,477.75000000000506,0.9931666666666955,388.87499999997976,5.0
160.19999999999945,1,1,1,1,477.7222222222273,0.9930000000000289,388.86111111109085,5.0
160.39999999999944,1,1,1,1,477.6944444444495,0.9928333333333622,388.84722222220194,5.0
160.59999999999943,1,1,1,1,477.66666666667174,0.9926666666666956,388.833333333313,5.0
160.79999999999941,1,1,1,1,477.638888888894,0.9925000000000289,388.8194444444241,5.0
160.9999999999994,1,1,1,1,477.6111111111162,0.9923333333333623,388.8055555555352,5.0
161.1999999999994,1,1,1,1,477.58333333333843,0.9921666666666956,388.7916666666463,5.0
161.39999999999938,1,1,1,1,477.55555555556066,0.992000000000029,388.77777777775736,5.0
161.59999999999937,1,1,1,1,477.5277777777829,0.9918333333333623,388.76388888886845,5.0
161.79999999999936,1,1,1,1,477.5000000000051,0.9916666666666957,388.74999999997954,5.0
161.99999999999935,1,1,1,1,477.47222222222734,0.991500000000029,388.7361111110906,5.0
162.19999999999933,1,1,1,1,477.4444444444496,0.9913333333333624,388.7222222222017,5.0
162.39999999999932,1,1,1,1,477.4166666666718,0.9911666666666957,388.7083333333128,5.0
162.5999999999993,1,1,1,1,477.38888888889403,0.9910000000000291,388.6944444444239,5.0
162.7999999999993,1,1,1,1,477.36111111111626,0.9908333333333624,388.68055555553497,5.0
162.9999999999993,1,1,1,1,477.3333333333385,0.9906666666666958,388.66666666664605,5.0
163.19999999999928,1,1,1,1,477.3055555555607,0.9905000000000291,388.65277777775714,5.0
163.39999999999927,1,1,1,1,477.27777777778294,0.9903333333333625,388.6388888888682,5.0
163.59999999999926,1,1,1,1,477.2500000000052,0.9901666666666958,388.6249999999793,5.0
163.79999999999924,1,1,1,1,477.2222222222274,0.9900000000000292,388.6111111110904,5.0
163.99999999999923,1,1,1,1,477.19444444444963,0.9898333333333625,388.5972222222015,5.0
164.19999999999922,1,1,1,1,477.16666666667186,0.9896666666666959,388.58333333331257,5.0
164.3999999999992,1,1,1,1,477.1388888888941,0.9895000000000292,388.56944444442365,5.0
164.5999999999992,1,1,1,1,477.1111111111163,0.9893333333333626,388.55555555553474,5.0
164.7999999999992,1,1,1,1,477.08333333333854,0.989166666666696,388.5416666666458,5.0
164.99999999999918,1,1,1,1,477.0555555555608,0.9890000000000293,388.5277777777569,5.0
165.19999999999916,1,1,1,1,477.027777777783,0.9888333333333627,388.513888888868,5.0
165.39999999999915,1,1,1,1,477.00000000000523,0.988666666666696,388.4999999999791,5.0
165.59999999999914,1,1,1,1,476.97222222222746,0.9885000000000294,388.48611111109017,5.0
165.79999999999913,1,1,1,1,476.9444444444497,0.9883333333333627,388.47222222220125,5.0
165.99999999999912,1,1,1,1,476.9166666666719,0.9881666666666961,388.45833333331234,5.0
166.1999999999991,1,1,1,1,476.88888888889414,0.9880000000000294,388.4444444444234,5.0
166.3999999999991,1,1,1,1,476.8611111111164,0.9878333333333628,388.4305555555345,5.0
166.59999999999908,1,1,1,1,476.8333333333386,0.9876666666666961,388.4166666666456,5.0
166.79999999999907,1,1,1,1,476.80555555556083,0.9875000000000295,388.4027777777567,5.0
166.99999999999906,1,1,1,1,476.77777777778306,0.9873333333333628,388.38888888886777,5.0
167.19999999999905,1,1,1,1,476.7500000000053,0.9871666666666962,388.37499999997885,5.0
167.39999999999904,1,1,1,1,476.7222222222275,0.9870000000000295,388.36111111108994,5.0
167.59999999999903,1,1,1,1,476.69444444444974,0.9868333333333629,388.347222222201,5.0
167.79999999999902,1,1,1,1,476.666666666672,0.9866666666666962,388.3333333333121,5.0
167.999999999999,1,1,1,1,476.6388888888942,0.9865000000000296,388.3194444444232,5.0
168.199999999999,1,1,1,1,476.61111111111643,0.9863333333333629,388.3055555555343,5.0
168.39999999999898,1,1,1,1,476.58333333333866,0.9861666666666963,388.29166666664537,5.0
168.59999999999897,1,1,1,1,476.5555555555609,0.9860000000000296,388.27777777775646,5.0
168.79999999999896,1,1,1,1,476.5277777777831,0.985833333333363,388.26388888886754,5.0
168.99999999999895,1,1,1,1,476.50000000000534,0.9856666666666963,388.2499999999786,5.0
169.19999999999894,1,1,1,1,476.4722222222276,0.9855000000000297,388.2361111110897,5.0
169.39999999999893,1,1,1,1,476.4444444444498,0.985333333333363,388.2222222222008,5.0
169.59999999999891,1,1,1,1,476.41666666667203,0.9851666666666964,388.2083333333119,5.0
169.7999999999989,1,1,1,1,476.38888888889426,0.9850000000000297,388.19444444442297,5.0
169.9999999999989,1,1,1,1,476.3611111111165,0.9848333333333631,388.18055555553406,5.0
170.19999999999888,1,1,1,1,476.3333333333387,0.9846666666666964,388.16666666664514,5.0
170.39999999999887,1,1,1,1,476.30555555556094,0.9845000000000298,388.1527777777562,5.0
170.59999999999886,1,1,1,1,476.2777777777832,0.9843333333333631,388.1388888888673,5.0
170.79999999999885,1,1,1,1,476.2500000000054,0.9841666666666965,388.1249999999784,5.0
170.99999999999883,1,1,1,1,476.22222222222763,0.9840000000000299,388.1111111110895,5.0
171.19999999999882,1,1,1,1,476.19444444444986,0.9838333333333632,388.09722222220057,5.0
171.3999999999988,1,1,1,1,476.1666666666721,0.9836666666666966,388.08333333331166,5.0
171.5999999999988,1,1,1,1,476.1388888888943,0.9835000000000299,388.06944444442274,5.0
171.7999999999988,1,1,1,1,476.11111111111654,0.9833333333333633,388.05555555553383,5.0
171.99999999999878,1,1,1,1,476.08333333333877,0.9831666666666966,388.0416666666449,5.0
172.19999999999877,1,1,1,1,476.055555555561,0.98300000000003,388.027777777756,5.0
172.39999999999876,1,1,1,1,476.02777777778323,0.9828333333333633,388.0138888888671,5.0
172.59999999999874,1,1,1,1,476.00000000000546,0.9826666666666967,387.9999999999782,5.0
172.79999999999873,1,1,1,1,475.9722222222277,0.98250000000003,387.98611111108926,5.0
172.99999999999872,1,1,1,1,475.9444444444499,0.9823333333333634,387.97222222220034,5.0
173.1999999999987,1,1,1,1,475.91666666667214,0.9821666666666967,387.95833333331143,5.0
173.3999999999987,1,1,1,1,475.88888888889437,0.9820000000000301,387.9444444444225,5.0
173.5999999999987,1,1,1,1,475.8611111111166,0.9818333333333634,387.9305555555336,5.0
173.79999999999868,1,1,1,1,475.8333333333388,0.9816666666666968,387.9166666666447,5.0
173.99999999999866,1,1,1,1,475.80555555556106,0.9815000000000301,387.9027777777558,5.0
174.19999999999865,1,1,1,1,475.7777777777833,0.9813333333333635,387.88888888886686,5.0
174.39999999999864,1,1,1,1,475.7500000000055,0.9811666666666968,387.87499999997794,5.0
174.59999999999863,1,1,1,1,475.72222222222774,0.9810000000000302,387.86111111108903,5.0
174.79999999999862,1,1,1,1,475.69444444444997,0.9808333333333635,387.8472222222001,5.0
174.9999999999986,1,1,1,1,475.6666666666722,0.9806666666666969,387.8333333333112,5.0
175.1999999999986,1,1,1,1,475.6388888888944,0.9805000000000302,387.8194444444223,5.0
175.39999999999858,1,1,1,1,475.61111111111666,0.9803333333333636,387.8055555555334,5.0
175.59999999999857,1,1,1,1,475.5833333333389,0.9801666666666969,387.79166666664446,5.0
175.79999999999856,1,1,1,1,475.5555555555611,0.9800000000000303,387.77777777775555,5.0
175.99999999999855,1,1,1,1,475.52777777778334,0.9798333333333636,387.76388888886663,5.0
176.19999999999854,1,1,1,1,475.50000000000557,0.979666666666697,387.7499999999777,5.0
176.39999999999853,1,1,1,1,475.4722222222278,0.9795000000000303,387.7361111110888,5.0
176.59999999999852,1,1,1,1,475.44444444445,0.9793333333333637,387.7222222221999,5.0
176.7999999999985,1,1,1,1,475.41666666667226,0.979166666666697,387.708333333311,5.0
176.9999999999985,1,1,1,1,475.3888888888945,0.9790000000000304,387.69444444442206,5.0
177.19999999999848,1,1,1,1,475.3611111111167,0.9788333333333638,387.68055555553315,5.0
177.39999999999847,1,1,1,1,475.33333333333894,0.9786666666666971,387.66666666664423,5.0
177.59999999999846,1,1,1,1,475.30555555556117,0.9785000000000305,387.6527777777553,5.0
177.79999999999845,1,1,1,1,475.2777777777834,0.9783333333333638,387.6388888888664,5.0
177.99999999999844,1,1,1,1,475.2500000000056,0.9781666666666972,387.6249999999775,5.0
178.19999999999843,1,1,1,1,475.22222222222786,0.9780000000000305,387.6111111110886,5.0
178.3999999999984,1,1,1,1,475.1944444444501,0.9778333333333639,387.59722222219966,5.0
178.5999999999984,1,1,1,1,475.1666666666723,0.9776666666666972,387.58333333331075,5.0
178.7999999999984,1,1,1,1,475.13888888889454,0.9775000000000306,387.56944444442183,5.0
178.99999999999838,1,1,1,1,475.11111111111677,0.9773333333333639,387.5555555555329,5.0
179.19999999999837,1,1,1,1,475.083333333339,0.9771666666666973,387.541666666644,5.0
179.39999999999836,1,1,1,1,475.0555555555612,0.9770000000000306,387.5277777777551,5.0
179.59999999999835,1,1,1,1,475.02777777778346,0.976833333333364,387.5138888888662,5.0
179.79999999999833,1,1,1,1,475.0000000000057,0.9766666666666973,387.49999999997726,5.0
179.99999999999832,1,1,1,1,474.9722222222279,0.9765000000000307,387.48611111108835,5.0
180.1999999999983,1,1,1,1,474.94444444445014,0.976333333333364,387.47222222219943,5.0
180.3999999999983,1,1,1,1,474.91666666667237,0.9761666666666974,387.4583333333105,5.0
180.5999999999983,1,1,1,1,474.8888888888946,0.9760000000000307,387.4444444444216,5.0
180.79999999999828,1,1,1,1,474.8611111111168,0.9758333333333641,387.4305555555327,5.0
180.99999999999827,1,1,1,1,474.83333333333906,0.9756666666666974,387.4166666666438,5.0
181.19999999999825,1,1,1,1,474.8055555555613,0.9755000000000308,387.40277777775486,5.0
181.39999999999824,1,1,1,1,474.7777777777835,0.9753333333333641,387.38888888886595,5.0
181.59999999999823,1,1,1,1,474.75000000000574,0.9751666666666975,387.37499999997704,5.0
181.79999999999822,1,1,1,1,474.72222222222797,0.9750000000000308,387.3611111110881,5.0
181.9999999999982,1,1,1,1,474.6944444444502,0.9748333333333642,387.3472222221992,5.0
182.1999999999982,1,1,1,1,474.6666666666724,0.9746666666666975,387.3333333333103,5.0
182.3999999999982,1,1,1,1,474.63888888889466,0.9745000000000309,387.3194444444214,5.0
182.59999999999818,1,1,1,1,474.6111111111169,0.9743333333333642,387.30555555553246,5.0
182.79999999999816,1,1,1,1,474.5833333333391,0.9741666666666976,387.29166666664355,5.0
182.99999999999815,1,1,1,1,474.55555555556134,0.974000000000031,387.27777777775464,5.0
183.19999999999814,1,1,1,1,474.52777777778357,0.9738333333333643,387.2638888888657,5.0
183.39999999999813,1,1,1,1,474.5000000000058,0.9736666666666977,387.2499999999768,5.0
183.59999999999812,1,1,1,1,474.472222222228,0.973500000000031,387.2361111110879,5.0
183.7999999999981,1,1,1,1,474.44444444445026,0.9733333333333644,387.222222222199,5.0
183.9999999999981,1,1,1,1,474.4166666666725,0.9731666666666977,387.20833333331007,5.0
184.19999999999808,1,1,1,1,474.3888888888947,0.9730000000000311,387.19444444442115,5.0
184.39999999999807,1,1,1,1,474.36111111111694,0.9728333333333644,387.18055555553224,5.0
184.59999999999806,1,1,1,1,474.33333333333917,0.9726666666666978,387.1666666666433,5.0
184.79999999999805,1,1,1,1,474.3055555555614,0.9725000000000311,387.1527777777544,5.0
184.99999999999804,1,1,1,1,474.2777777777836,0.9723333333333645,387.1388888888655,5.0
185.19999999999803,1,1,1,1,474.25000000000585,0.9721666666666978,387.1249999999766,5.0
185.39999999999802,1,1,1,1,474.2222222222281,0.9720000000000312,387.11111111108767,5.0
185.599999999998,1,1,1,1,474.1944444444503,0.9718333333333645,387.09722222219875,5.0
185.799999999998,1,1,1,1,474.16666666667254,0.9716666666666979,387.08333333330984,5.0
185.99999999999798,1,1,1,1,474.13888888889477,0.9715000000000312,387.0694444444209,5.0
186.19999999999797,1,1,1,1,474.111111111117,0.9713333333333646,387.055555555532,5.0
186.39999999999796,1,1,1,1,474.0833333333392,0.9711666666666979,387.0416666666431,5.0
186.59999999999795,1,1,1,1,474.05555555556145,0.9710000000000313,387.0277777777542,5.0
186.79999999999794,1,1,1,1,474.0277777777837,0.9708333333333646,387.01388888886527,5.0
186.99999999999793,1,1,1,1,474.0000000000059,0.970666666666698,386.99999999997635,5.0
187.1999999999979,1,1,1,1,473.97222222222814,0.9705000000000313,386.98611111108744,5.0
187.3999999999979,1,1,1,1,473.94444444445037,0.9703333333333647,386.9722222221985,5.0
187.5999999999979,1,1,1,1,473.9166666666726,0.970166666666698,386.9583333333096,5.0
187.79999999999788,1,1,1,1,473.8888888888948,0.9700000000000314,386.9444444444207,5.0
187.99999999999787,1,1,1,1,473.86111111111705,0.9698333333333647,386.9305555555318,5.0
188.19999999999786,1,1,1,1,473.8333333333393,0.9696666666666981,386.91666666664287,5.0
188.39999999999785,1,1,1,1,473.8055555555615,0.9695000000000314,386.90277777775395,5.0
188.59999999999783,1,1,1,1,473.77777777778374,0.9693333333333648,386.88888888886504,5.0
188.79999999999782,1,1,1,1,473.75000000000597,0.9691666666666982,386.8749999999761,5.0
188.9999999999978,1,1,1,1,473.7222222222282,0.9690000000000315,386.8611111110872,5.0
189.1999999999978,1,1,1,1,473.6944444444504,0.9688333333333649,386.8472222221983,5.0
189.3999999999978,1,1,1,1,473.66666666667265,0.9686666666666982,386.8333333333094,5.0
189.59999999999778,1,1,1,1,473.6388888888949,0.9685000000000316,386.81944444442047,5.0
189.79999999999777,1,1,1,1,473.6111111111171,0.9683333333333649,386.80555555553156,5.0
189.99999999999775,1,1,1,1,473.58333333333934,0.9681666666666983,386.79166666664264,5.0
190.19999999999774,1,1,1,1,473.55555555556157,0.9680000000000316,386.7777777777537,5.0
190.39999999999773,1,1,1,1,473.5277777777838,0.967833333333365,386.7638888888648,5.0
190.59999999999772,1,1,1,1,473.500000000006,0.9676666666666983,386.7499999999759,5.0
190.7999999999977,1,1,1,1,473.47222222222825,0.9675000000000317,386.736111111087,5.0
190.9999999999977,1,1,1,1,473.4444444444505,0.967333333333365,386.72222222219807,5.0
191.1999999999977,1,1,1,1,473.4166666666727,0.9671666666666984,386.70833333330916,5.0
191.39999999999768,1,1,1,1,473.38888888889494,0.9670000000000317,386.69444444442024,5.0
191.59999999999766,1,1,1,1,473.36111111111717,0.9668333333333651,386.6805555555313,5.0
191.79999999999765,1,1,1,1,473.3333333333394,0.9666666666666984,386.6666666666424,5.0
191.99999999999764,1,1,1,1,473.3055555555616,0.9665000000000318,386.6527777777535,5.0
192.19999999999763,1,1,1,1,473.27777777778385,0.9663333333333651,386.6388888888646,5.0
192.39999999999762,1,1,1,1,473.2500000000061,0.9661666666666985,386.62499999997567,5.0
192.5999999999976,1,1,1,1,473.2222222222283,0.9660000000000318,386.61111111108676,5.0
192.7999999999976,1,1,1,1,473.19444444445054,0.9658333333333652,386.59722222219784,5.0
192.99999999999758,1,1,1,1,473.16666666667277,0.9656666666666985,386.58333333330893,5.0
193.19999999999757,1,1,1,1,473.138888888895,0.9655000000000319,386.56944444442,5.0
193.39999999999756,1,1,1,1,473.1111111111172,0.9653333333333652,386.5555555555311,5.0
193.59999999999755,1,1,1,1,473.08333333333945,0.9651666666666986,386.5416666666422,5.0
193.79999999999754,1,1,1,1,473.0555555555617,0.9650000000000319,386.5277777777533,5.0
193.99999999999753,1,1,1,1,473.0277777777839,0.9648333333333653,386.51388888886436,5.0
194.19999999999752,1,1,1,1,473.00000000000614,0.9646666666666986,386.49999999997544,5.0
194.3999999999975,1,1,1,1,472.97222222222837,0.964500000000032,386.48611111108653,5.0
194.5999999999975,1,1,1,1,472.9444444444506,0.9643333333333654,386.4722222221976,5.0
194.79999999999748,1,1,1,1,472.9166666666728,0.9641666666666987,386.4583333333087,5.0
194.99999999999747,1,1,1,1,472.88888888889505,0.964000000000032,386.4444444444198,5.0
195.19999999999746,1,1,1,1,472.8611111111173,0.9638333333333654,386.4305555555309,5.0
195.39999999999745,1,1,1,1,472.8333333333395,0.9636666666666988,386.41666666664196,5.0
195.59999999999744,1,1,1,1,472.80555555556174,0.9635000000000321,386.40277777775304,5.0
195.79999999999742,1,1,1,1,472.77777777778397,0.9633333333333655,386.38888888886413,5.0
195.9999999999974,1,1,1,1,472.7500000000062,0.9631666666666988,386.3749999999752,5.0
196.1999999999974,1,1,1,1,472.7222222222284,0.9630000000000322,386.3611111110863,5.0
196.3999999999974,1,1,1,1,472.69444444445065,0.9628333333333655,386.3472222221974,5.0
196.59999999999738,1,1,1,1,472.6666666666729,0.9626666666666989,386.3333333333085,5.0
196.79999999999737,1,1,1,1,472.6388888888951,0.9625000000000322,386.31944444441956,5.0
196.99999999999736,1,1,1,1,472.61111111111734,0.9623333333333656,386.30555555553065,5.0
197.19999999999735,1,1,1,1,472.58333333333957,0.9621666666666989,386.29166666664173,5.0
197.39999999999733,1,1,1,1,472.5555555555618,0.9620000000000323,386.2777777777528,5.0
197.59999999999732,1,1,1,1,472.527777777784,0.9618333333333656,386.2638888888639,5.0
197.7999999999973,1,1,1,1,472.50000000000625,0.961666666666699,386.249999999975,5.0
197.9999999999973,1,1,1,1,472.4722222222285,0.9615000000000323,386.2361111110861,5.0
198.1999999999973,1,1,1,1,472.4444444444507,0.9613333333333657,386.22222222219716,5.0
198.39999999999728,1,1,1,1,472.41666666667294,0.961166666666699,386.20833333330825,5.0
198.59999999999727,1,1,1,1,472.38888888889517,0.9610000000000324,386.19444444441933,5.0
198.79999999999725,1,1,1,1,472.3611111111174,0.9608333333333657,386.1805555555304,5.0
198.99999999999724,1,1,1,1,472.3333333333396,0.9606666666666991,386.1666666666415,5.0
199.19999999999723,1,1,1,1,472.30555555556185,0.9605000000000324,386.1527777777526,5.0
199.39999999999722,1,1,1,1,472.2777777777841,0.9603333333333658,386.1388888888637,5.0
199.5999999999972,1,1,1,1,472.2500000000063,0.9601666666666991,386.12499999997476,5.0
199.7999999999972,1,1,1,1,472.22222222222854,0.9600000000000325,386.11111111108585,5.0
199.9999999999972,1,1,1,1,472.19444444445077,0.9598333333333658,386.09722222219693,5.0
200.19999999999717,1,1,1,1,472.166666666673,0.9596666666666992,386.083333333308,5.0
200.39999999999716,1,1,1,1,472.1388888888952,0.9595000000000325,386.0694444444191,5.0
200.59999999999715,1,1,1,1,472.11111111111745,0.9593333333333659,386.0555555555302,5.0
200.79999999999714,1,1,1,1,472.0833333333397,0.9591666666666993,386.0416666666413,5.0
200.99999999999713,1,1,1,1,472.0555555555619,0.9590000000000326,386.02777777775236,5.0
201.19999999999712,1,1,1,1,472.02777777778414,0.958833333333366,386.01388888886345,5.0
201.3999999999971,1,1,1,1,472.00000000000637,0.9586666666666993,385.99999999997453,5.0
201.5999999999971,1,1,1,1,471.9722222222286,0.9585000000000327,385.9861111110856,5.0
201.79999999999708,1,1,1,1,471.9444444444508,0.958333333333366,385.9722222221967,5.0
201.99999999999707,1,1,1,1,471.91666666667305,0.9581666666666994,385.9583333333078,5.0
202.19999999999706,1,1,1,1,471.8888888888953,0.9580000000000327,385.9444444444189,5.0
202.39999999999705,1,1,1,1,471.8611111111175,0.9578333333333661,385.93055555552996,5.0
202.59999999999704,1,1,1,1,471.83333333333974,0.9576666666666994,385.91666666664105,5.0
202.79999999999703,1,1,1,1,471.80555555556197,0.9575000000000328,385.90277777775214,5.0
202.99999999999702,1,1,1,1,471.7777777777842,0.9573333333333661,385.8888888888632,5.0
203.199999999997,1,1,1,1,471.7500000000064,0.9571666666666995,385.8749999999743,5.0
203.399999999997,1,1,1,1,471.72222222222865,0.9570000000000328,385.8611111110854,5.0
203.59999999999698,1,1,1,1,471.6944444444509,0.9568333333333662,385.8472222221965,5.0
203.79999999999697,1,1,1,1,471.6666666666731,0.9566666666666995,385.83333333330756,5.0
203.99999999999696,1,1,1,1,471.63888888889534,0.9565000000000329,385.81944444441865,5.0
204.19999999999695,1,1,1,1,471.61111111111757,0.9563333333333662,385.80555555552974,5.0
204.39999999999694,1,1,1,1,471.5833333333398,0.9561666666666996,385.7916666666408,5.0
204.59999999999692,1,1,1,1,471.555555555562,0.9560000000000329,385.7777777777519,5.0
204.7999999999969,1,1,1,1,471.52777777778425,0.9558333333333663,385.763888888863,5.0
204.9999999999969,1,1,1,1,471.5000000000065,0.9556666666666996,385.7499999999741,5.0
205.1999999999969,1,1,1,1,471.4722222222287,0.955500000000033,385.73611111108517,5.0
205.39999999999688,1,1,1,1,471.44444444445094,0.9553333333333663,385.72222222219625,5.0
205.59999999999687,1,1,1,1,471.41666666667317,0.9551666666666997,385.70833333330734,5.0
205.79999999999686,1,1,1,1,471.3888888888954,0.955000000000033,385.6944444444184,5.0
205.99999999999685,1,1,1,1,471.3611111111176,0.9548333333333664,385.6805555555295,5.0
206.19999999999683,1,1,1,1,471.33333333333985,0.9546666666666997,385.6666666666406,5.0
206.39999999999682,1,1,1,1,471.3055555555621,0.9545000000000331,385.6527777777517,5.0
206.5999999999968,1,1,1,1,471.2777777777843,0.9543333333333665,385.63888888886277,5.0
206.7999999999968,1,1,1,1,471.25000000000654,0.9541666666666998,385.62499999997385,5.0
206.9999999999968,1,1,1,1,471.22222222222877,0.9540000000000332,385.61111111108494,5.0
207.19999999999678,1,1,1,1,471.194444444451,0.9538333333333665,385.597222222196,5.0
207.39999999999677,1,1,1,1,471.1666666666732,0.9536666666666999,385.5833333333071,5.0
207.59999999999675,1,1,1,1,471.13888888889545,0.9535000000000332,385.5694444444182,5.0
207.79999999999674,1,1,1,1,471.1111111111177,0.9533333333333666,385.5555555555293,5.0
207.99999999999673,1,1,1,1,471.0833333333399,0.9531666666666999,385.54166666664037,5.0
208.19999999999672,1,1,1,1,471.05555555556214,0.9530000000000333,385.52777777775145,5.0
208.3999999999967,1,1,1,1,471.02777777778437,0.9528333333333666,385.51388888886254,5.0
208.5999999999967,1,1,1,1,471.0000000000066,0.9526666666667,385.4999999999736,5.0
208.7999999999967,1,1,1,1,470.9722222222288,0.9525000000000333,385.4861111110847,5.0
208.99999999999667,1,1,1,1,470.94444444445105,0.9523333333333667,385.4722222221958,5.0
209.19999999999666,1,1,1,1,470.9166666666733,0.9521666666667,385.4583333333069,5.0
209.39999999999665,1,1,1,1,470.8888888888955,0.9520000000000334,385.44444444441797,5.0
209.59999999999664,1,1,1,1,470.86111111111774,0.9518333333333667,385.43055555552905,5.0
209.79999999999663,1,1,1,1,470.83333333333997,0.9516666666667001,385.41666666664014,5.0
209.99999999999662,1,1,1,1,470.8055555555622,0.9515000000000334,385.4027777777512,5.0
210.1999999999966,1,1,1,1,470.7777777777844,0.9513333333333668,385.3888888888623,5.0
210.3999999999966,1,1,1,1,470.75000000000665,0.9511666666667001,385.3749999999734,5.0
210.59999999999658,1,1,1,1,470.7222222222289,0.9510000000000335,385.3611111110845,5.0
210.79999999999657,1,1,1,1,470.6944444444511,0.9508333333333668,385.34722222219557,5.0
210.99999999999656,1,1,1,1,470.66666666667334,0.9506666666667002,385.33333333330665,5.0
211.19999999999655,1,1,1,1,470.63888888889556,0.9505000000000335,385.31944444441774,5.0
211.39999999999654,1,1,1,1,470.6111111111178,0.9503333333333669,385.3055555555288,5.0
211.59999999999653,1,1,1,1,470.58333333334,0.9501666666667002,385.2916666666399,5.0
211.79999999999652,1,1,1,1,470.55555555556225,0.9500000000000336,385.277777777751,5.0
211.9999999999965,1,1,1,1,470.5277777777845,0.949833333333367,385.2638888888621,5.0
212.1999999999965,1,1,1,1,470.5000000000067,0.9496666666667003,385.24999999997317,5.0
212.39999999999648,1,1,1,1,470.47222222222894,0.9495000000000337,385.23611111108426,5.0
212.59999999999647,1,1,1,1,470.44444444445116,0.949333333333367,385.22222222219534,5.0
212.79999999999646,1,1,1,1,470.4166666666734,0.9491666666667004,385.2083333333064,5.0
212.99999999999645,1,1,1,1,470.3888888888956,0.9490000000000337,385.1944444444175,5.0
213.19999999999644,1,1,1,1,470.36111111111785,0.9488333333333671,385.1805555555286,5.0
213.39999999999642,1,1,1,1,470.3333333333401,0.9486666666667004,385.1666666666397,5.0
213.5999999999964,1,1,1,1,470.3055555555623,0.9485000000000338,385.15277777775077,5.0
213.7999999999964,1,1,1,1,470.27777777778454,0.9483333333333671,385.13888888886186,5.0
213.9999999999964,1,1,1,1,470.25000000000676,0.9481666666667005,385.12499999997294,5.0
214.19999999999638,1,1,1,1,470.222222222229,0.9480000000000338,385.111111111084,5.0
214.39999999999637,1,1,1,1,470.1944444444512,0.9478333333333672,385.0972222221951,5.0
214.59999999999636,1,1,1,1,470.16666666667345,0.9476666666667005,385.0833333333062,5.0
214.79999999999634,1,1,1,1,470.1388888888957,0.9475000000000339,385.0694444444173,5.0
214.99999999999633,1,1,1,1,470.1111111111179,0.9473333333333672,385.0555555555284,5.0
215.19999999999632,1,1,1,1,470.08333333334014,0.9471666666667006,385.04166666663946,5.0
215.3999999999963,1,1,1,1,470.05555555556236,0.9470000000000339,385.02777777775054,5.0
215.5999999999963,1,1,1,1,470.0277777777846,0.9468333333333673,385.01388888886163,5.0
215.7999999999963,1,1,1,1,470.0000000000068,0.9466666666667006,384.9999999999727,5.0
215.99999999999628,1,1,1,1,469.97222222222905,0.946500000000034,384.9861111110838,5.0
216.19999999999627,1,1,1,1,469.9444444444513,0.9463333333333673,384.9722222221949,5.0
216.39999999999625,1,1,1,1,469.9166666666735,0.9461666666667007,384.958333333306,5.0
216.59999999999624,1,1,1,1,469.88888888889574,0.946000000000034,384.94444444441706,5.0
216.79999999999623,1,1,1,1,469.86111111111796,0.9458333333333674,384.93055555552814,5.0
216.99999999999622,1,1,1,1,469.8333333333402,0.9456666666667007,384.91666666663923,5.0
217.1999999999962,1,1,1,1,469.8055555555624,0.9455000000000341,384.9027777777503,5.0
217.3999999999962,1,1,1,1,469.77777777778465,0.9453333333333674,384.8888888888614,5.0
217.5999999999962,1,1,1,1,469.7500000000069,0.9451666666667008,384.8749999999725,5.0
217.79999999999617,1,1,1,1,469.7222222222291,0.9450000000000341,384.8611111110836,5.0
217.99999999999616,1,1,1,1,469.69444444445134,0.9448333333333675,384.84722222219466,5.0
218.19999999999615,1,1,1,1,469.66666666667356,0.9446666666667008,384.83333333330575,5.0
218.39999999999614,1,1,1,1,469.6388888888958,0.9445000000000342,384.81944444441683,5.0
218.59999999999613,1,1,1,1,469.611111111118,0.9443333333333676,384.8055555555279,5.0
218.79999999999612,1,1,1,1,469.58333333334025,0.9441666666667009,384.791666666639,5.0
218.9999999999961,1,1,1,1,469.5555555555625,0.9440000000000343,384.7777777777501,5.0
219.1999999999961,1,1,1,1,469.5277777777847,0.9438333333333676,384.7638888888612,5.0
219.39999999999608,1,1,1,1,469.50000000000693,0.943666666666701,384.74999999997226,5.0
219.59999999999607,1,1,1,1,469.47222222222916,0.9435000000000343,384.73611111108335,5.0
219.79999999999606,1,1,1,1,469.4444444444514,0.9433333333333677,384.72222222219443,5.0
219.99999999999605,1,1,1,1,469.4166666666736,0.943166666666701,384.7083333333055,5.0
220.19999999999604,1,1,1,1,469.38888888889585,0.9430000000000344,384.6944444444166,5.0
220.39999999999603,1,1,1,1,469.3611111111181,0.9428333333333677,384.6805555555277,5.0
220.59999999999602,1,1,1,1,469.3333333333403,0.9426666666667011,384.6666666666388,5.0
220.799999999996,1,1,1,1,469.30555555556253,0.9425000000000344,384.65277777774986,5.0
220.999999999996,1,1,1,1,469.27777777778476,0.9423333333333678,384.63888888886095,5.0
221.19999999999598,1,1,1,1,469.250000000007,0.9421666666667011,384.62499999997203,5.0
221.39999999999597,1,1,1,1,469.2222222222292,0.9420000000000345,384.6111111110831,5.0
221.59999999999596,1,1,1,1,469.19444444445145,0.9418333333333678,384.5972222221942,5.0
221.79999999999595,1,1,1,1,469.1666666666737,0.9416666666667012,384.5833333333053,5.0
221.99999999999594,1,1,1,1,469.1388888888959,0.9415000000000345,384.5694444444164,5.0
222.19999999999592,1,1,1,1,469.11111111111813,0.9413333333333679,384.55555555552746,5.0
222.3999999999959,1,1,1,1,469.08333333334036,0.9411666666667012,384.54166666663855,5.0
222.5999999999959,1,1,1,1,469.0555555555626,0.9410000000000346,384.52777777774963,5.0
222.7999999999959,1,1,1,1,469.0277777777848,0.9408333333333679,384.5138888888607,5.0
222.99999999999588,1,1,1,1,469.00000000000705,0.9406666666667013,384.4999999999718,5.0
223.19999999999587,1,1,1,1,468.9722222222293,0.9405000000000346,384.4861111110829,5.0
223.39999999999586,1,1,1,1,468.9444444444515,0.940333333333368,384.472222222194,5.0
223.59999999999584,1,1,1,1,468.91666666667373,0.9401666666667013,384.45833333330506,5.0
223.79999999999583,1,1,1,1,468.88888888889596,0.9400000000000347,384.44444444441615,5.0
223.99999999999582,1,1,1,1,468.8611111111182,0.939833333333368,384.43055555552723,5.0
224.1999999999958,1,1,1,1,468.8333333333404,0.9396666666667014,384.4166666666383,5.0
224.3999999999958,1,1,1,1,468.80555555556265,0.9395000000000348,384.4027777777494,5.0
224.5999999999958,1,1,1,1,468.7777777777849,0.9393333333333681,384.3888888888605,5.0
224.79999999999578,1,1,1,1,468.7500000000071,0.9391666666667015,384.3749999999716,5.0
224.99999999999577,1,1,1,1,468.72222222222933,0.9390000000000348,384.36111111108266,5.0
225.19999999999575,1,1,1,1,468.69444444445156,0.9388333333333682,384.34722222219375,5.0
225.39999999999574,1,1,1,1,468.6666666666738,0.9386666666667015,384.33333333330484,5.0
225.59999999999573,1,1,1,1,468.638888888896,0.9385000000000349,384.3194444444159,5.0
225.79999999999572,1,1,1,1,468.61111111111825,0.9383333333333682,384.305555555527,5.0
225.9999999999957,1,1,1,1,468.5833333333405,0.9381666666667016,384.2916666666381,5.0
226.1999999999957,1,1,1,1,468.5555555555627,0.9380000000000349,384.2777777777492,5.0
226.39999999999569,1,1,1,1,468.52777777778493,0.9378333333333683,384.26388888886027,5.0
226.59999999999567,1,1,1,1,468.50000000000716,0.9376666666667016,384.24999999997135,5.0
226.79999999999566,1,1,1,1,468.4722222222294,0.937500000000035,384.23611111108244,5.0
226.99999999999565,1,1,1,1,468.4444444444516,0.9373333333333683,384.2222222221935,5.0
227.19999999999564,1,1,1,1,468.41666666667385,0.9371666666667017,384.2083333333046,5.0
227.39999999999563,1,1,1,1,468.3888888888961,0.937000000000035,384.1944444444157,5.0
227.59999999999562,1,1,1,1,468.3611111111183,0.9368333333333684,384.1805555555268,5.0
227.7999999999956,1,1,1,1,468.33333333334053,0.9366666666667017,384.16666666663787,5.0
227.9999999999956,1,1,1,1,468.30555555556276,0.9365000000000351,384.15277777774895,5.0
228.19999999999558,1,1,1,1,468.277777777785,0.9363333333333684,384.13888888886004,5.0
228.39999999999557,1,1,1,1,468.2500000000072,0.9361666666667018,384.1249999999711,5.0
228.59999999999556,1,1,1,1,468.22222222222945,0.9360000000000351,384.1111111110822,5.0
228.79999999999555,1,1,1,1,468.1944444444517,0.9358333333333685,384.0972222221933,5.0
228.99999999999554,1,1,1,1,468.1666666666739,0.9356666666667018,384.0833333333044,5.0
229.19999999999553,1,1,1,1,468.13888888889613,0.9355000000000352,384.06944444441547,5.0
229.39999999999552,1,1,1,1,468.11111111111836,0.9353333333333685,384.05555555552655,5.0
229.5999999999955,1,1,1,1,468.0833333333406,0.9351666666667019,384.04166666663764,5.0
229.7999999999955,1,1,1,1,468.0555555555628,0.9350000000000352,384.0277777777487,5.0
229.99999999999548,1,1,1,1,468.02777777778505,0.9348333333333686,384.0138888888598,5.0
230.19999999999547,1,1,1,1,468.0000000000073,0.934666666666702,383.9999999999709,5.0
230.39999999999546,1,1,1,1,467.9722222222295,0.9345000000000353,383.986111111082,5.0
230.59999999999545,1,1,1,1,467.94444444445173,0.9343333333333687,383.97222222219307,5.0
230.79999999999544,1,1,1,1,467.91666666667396,0.934166666666702,383.95833333330415,5.0
230.99999999999542,1,1,1,1,467.8888888888962,0.9340000000000354,383.94444444441524,5.0
231.1999999999954,1,1,1,1,467.8611111111184,0.9338333333333687,383.9305555555263,5.0
231.3999999999954,1,1,1,1,467.83333333334065,0.9336666666667021,383.9166666666374,5.0
231.5999999999954,1,1,1,1,467.8055555555629,0.9335000000000354,383.9027777777485,5.0
231.79999999999538,1,1,1,1,467.7777777777851,0.9333333333333688,383.8888888888596,5.0
231.99999999999537,1,1,1,1,467.75000000000733,0.9331666666667021,383.87499999997067,5.0
232.19999999999536,1,1,1,1,467.72222222222956,0.9330000000000355,383.86111111108175,5.0
232.39999999999534,1,1,1,1,467.6944444444518,0.9328333333333688,383.84722222219284,5.0
232.59999999999533,1,1,1,1,467.666666666674,0.9326666666667022,383.8333333333039,5.0
232.79999999999532,1,1,1,1,467.63888888889625,0.9325000000000355,383.819444444415,5.0
232.9999999999953,1,1,1,1,467.6111111111185,0.9323333333333689,383.8055555555261,5.0
233.1999999999953,1,1,1,1,467.5833333333407,0.9321666666667022,383.7916666666372,5.0
233.3999999999953,1,1,1,1,467.55555555556293,0.9320000000000356,383.77777777774827,5.0
233.59999999999528,1,1,1,1,467.52777777778516,0.9318333333333689,383.76388888885936,5.0
233.79999999999526,1,1,1,1,467.5000000000074,0.9316666666667023,383.74999999997044,5.0
233.99999999999525,1,1,1,1,467.4722222222296,0.9315000000000356,383.7361111110815,5.0
234.19999999999524,1,1,1,1,467.44444444445185,0.931333333333369,383.7222222221926,5.0
234.39999999999523,1,1,1,1,467.4166666666741,0.9311666666667023,383.7083333333037,5.0
234.59999999999522,1,1,1,1,467.3888888888963,0.9310000000000357,383.6944444444148,5.0
234.7999999999952,1,1,1,1,467.36111111111853,0.930833333333369,383.68055555552587,5.0
234.9999999999952,1,1,1,1,467.33333333334076,0.9306666666667024,383.66666666663696,5.0
235.19999999999519,1,1,1,1,467.305555555563,0.9305000000000357,383.65277777774804,5.0
235.39999999999517,1,1,1,1,467.2777777777852,0.9303333333333691,383.6388888888591,5.0
235.59999999999516,1,1,1,1,467.25000000000745,0.9301666666667024,383.6249999999702,5.0
235.79999999999515,1,1,1,1,467.2222222222297,0.9300000000000358,383.6111111110813,5.0
235.99999999999514,1,1,1,1,467.1944444444519,0.9298333333333691,383.5972222221924,5.0
236.19999999999513,1,1,1,1,467.16666666667413,0.9296666666667025,383.5833333333035,5.0
236.39999999999512,1,1,1,1,467.13888888889636,0.9295000000000359,383.56944444441456,5.0
236.5999999999951,1,1,1,1,467.1111111111186,0.9293333333333692,383.55555555552564,5.0
236.7999999999951,1,1,1,1,467.0833333333408,0.9291666666667026,383.54166666663673,5.0
236.99999999999508,1,1,1,1,467.05555555556305,0.9290000000000359,383.5277777777478,5.0
237.19999999999507,1,1,1,1,467.0277777777853,0.9288333333333693,383.5138888888589,5.0
237.39999999999506,1,1,1,1,467.0000000000075,0.9286666666667026,383.49999999997,5.0
237.59999999999505,1,1,1,1,466.97222222222973,0.928500000000036,383.4861111110811,5.0
237.79999999999504,1,1,1,1,466.94444444445196,0.9283333333333693,383.47222222219216,5.0
237.99999999999503,1,1,1,1,466.9166666666742,0.9281666666667027,383.45833333330324,5.0
238.19999999999501,1,1,1,1,466.8888888888964,0.928000000000036,383.44444444441433,5.0
238.399999999995,1,1,1,1,466.86111111111865,0.9278333333333694,383.4305555555254,5.0
238.599999999995,1,1,1,1,466.8333333333409,0.9276666666667027,383.4166666666365,5.0
238.79999999999498,1,1,1,1,466.8055555555631,0.9275000000000361,383.4027777777476,5.0
238.99999999999497,1,1,1,1,466.77777777778533,0.9273333333333694,383.3888888888587,5.0
239.19999999999496,1,1,1,1,466.75000000000756,0.9271666666667028,383.37499999996976,5.0
239.39999999999495,1,1,1,1,466.7222222222298,0.9270000000000361,383.36111111108085,5.0
239.59999999999494,1,1,1,1,466.694444444452,0.9268333333333695,383.34722222219193,5.0
239.79999999999492,1,1,1,1,466.66666666667425,0.9266666666667028,383.333333333303,5.0
239.9999999999949,1,1,1,1,466.6388888888965,0.9265000000000362,383.3194444444141,5.0
240.1999999999949,1,1,1,1,466.6111111111187,0.9263333333333695,383.3055555555252,5.0
240.3999999999949,1,1,1,1,466.58333333334093,0.9261666666667029,383.2916666666363,5.0
240.59999999999488,1,1,1,1,466.55555555556316,0.9260000000000362,383.27777777774736,5.0
240.79999999999487,1,1,1,1,466.5277777777854,0.9258333333333696,383.26388888885845,5.0
240.99999999999486,1,1,1,1,466.5000000000076,0.9256666666667029,383.24999999996953,5.0
241.19999999999484,1,1,1,1,466.47222222222985,0.9255000000000363,383.2361111110806,5.0
241.39999999999483,1,1,1,1,466.4444444444521,0.9253333333333696,383.2222222221917,5.0
241.59999999999482,1,1,1,1,466.4166666666743,0.925166666666703,383.2083333333028,5.0
241.7999999999948,1,1,1,1,466.38888888889653,0.9250000000000363,383.1944444444139,5.0
241.9999999999948,1,1,1,1,466.36111111111876,0.9248333333333697,383.18055555552496,5.0
242.1999999999948,1,1,1,1,466.333333333341,0.924666666666703,383.16666666663605,5.0
242.39999999999478,1,1,1,1,466.3055555555632,0.9245000000000364,383.15277777774713,5.0
242.59999999999476,1,1,1,1,466.27777777778545,0.9243333333333698,383.1388888888582,5.0
242.79999999999475,1,1,1,1,466.2500000000077,0.9241666666667031,383.1249999999693,5.0
242.99999999999474,1,1,1,1,466.2222222222299,0.9240000000000365,383.1111111110804,5.0
243.19999999999473,1,1,1,1,466.19444444445213,0.9238333333333698,383.0972222221915,5.0
243.39999999999472,1,1,1,1,466.16666666667436,0.9236666666667032,383.08333333330256,5.0
243.5999999999947,1,1,1,1,466.1388888888966,0.9235000000000365,383.06944444441365,5.0
243.7999999999947,1,1,1,1,466.1111111111188,0.9233333333333699,383.05555555552473,5.0
243.99999999999469,1,1,1,1,466.08333333334105,0.9231666666667032,383.0416666666358,5.0
244.19999999999467,1,1,1,1,466.0555555555633,0.9230000000000366,383.0277777777469,5.0
244.39999999999466,1,1,1,1,466.0277777777855,0.9228333333333699,383.013888888858,5.0
244.59999999999465,1,1,1,1,466.00000000000773,0.9226666666667033,382.9999999999691,5.0
244.79999999999464,1,1,1,1,465.97222222222996,0.9225000000000366,382.98611111108016,5.0
244.99999999999463,1,1,1,1,465.9444444444522,0.92233333333337,382.97222222219125,5.0
245.19999999999462,1,1,1,1,465.9166666666744,0.9221666666667033,382.95833333330233,5.0
245.3999999999946,1,1,1,1,465.88888888889664,0.9220000000000367,382.9444444444134,5.0
245.5999999999946,1,1,1,1,465.8611111111189,0.92183333333337,382.9305555555245,5.0
245.79999999999458,1,1,1,1,465.8333333333411,0.9216666666667034,382.9166666666356,5.0
245.99999999999457,1,1,1,1,465.80555555556333,0.9215000000000367,382.9027777777467,5.0
246.19999999999456,1,1,1,1,465.77777777778556,0.9213333333333701,382.88888888885776,5.0
246.39999999999455,1,1,1,1,465.7500000000078,0.9211666666667034,382.87499999996885,5.0
246.59999999999454,1,1,1,1,465.72222222223,0.9210000000000368,382.86111111107994,5.0
246.79999999999453,1,1,1,1,465.69444444445224,0.9208333333333701,382.847222222191,5.0
246.99999999999451,1,1,1,1,465.6666666666745,0.9206666666667035,382.8333333333021,5.0
247.1999999999945,1,1,1,1,465.6388888888967,0.9205000000000368,382.8194444444132,5.0
247.3999999999945,1,1,1,1,465.61111111111893,0.9203333333333702,382.8055555555243,5.0
247.59999999999448,1,1,1,1,465.58333333334116,0.9201666666667035,382.79166666663536,5.0
247.79999999999447,1,1,1,1,465.5555555555634,0.9200000000000369,382.77777777774645,5.0
247.99999999999446,1,1,1,1,465.5277777777856,0.9198333333333703,382.76388888885754,5.0
248.19999999999445,1,1,1,1,465.50000000000784,0.9196666666667036,382.7499999999686,5.0
248.39999999999444,1,1,1,1,465.4722222222301,0.919500000000037,382.7361111110797,5.0
248.59999999999442,1,1,1,1,465.4444444444523,0.9193333333333703,382.7222222221908,5.0
248.7999999999944,1,1,1,1,465.41666666667453,0.9191666666667037,382.7083333333019,5.0
248.9999999999944,1,1,1,1,465.38888888889676,0.919000000000037,382.69444444441297,5.0
249.1999999999944,1,1,1,1,465.361111111119,0.9188333333333704,382.68055555552405,5.0
249.39999999999438,1,1,1,1,465.3333333333412,0.9186666666667037,382.66666666663514,5.0
249.59999999999437,1,1,1,1,465.30555555556344,0.9185000000000371,382.6527777777462,5.0
249.79999999999436,1,1,1,1,465.2777777777857,0.9183333333333704,382.6388888888573,5.0
249.99999999999434,1,1,1,1,465.2500000000079,0.9181666666667038,382.6249999999684,5.0
250.19999999999433,1,1,1,1,465.22222222223013,0.9180000000000371,382.6111111110795,5.0
250.39999999999432,1,1,1,1,465.19444444445236,0.9178333333333705,382.59722222219057,5.0
250.5999999999943,1,1,1,1,465.1666666666746,0.9176666666667038,382.58333333330165,5.0
250.7999999999943,1,1,1,1,465.1388888888968,0.9175000000000372,382.56944444441274,5.0
250.9999999999943,1,1,1,1,465.11111111111904,0.9173333333333705,382.5555555555238,5.0
251.19999999999428,1,1,1,1,465.0833333333413,0.9171666666667039,382.5416666666349,5.0
251.39999999999426,1,1,1,1,465.0555555555635,0.9170000000000372,382.527777777746,5.0
251.59999999999425,1,1,1,1,465.02777777778573,0.9168333333333706,382.5138888888571,5.0
251.79999999999424,1,1,1,1,465.00000000000796,0.9166666666667039,382.49999999996817,5.0
251.99999999999423,1,1,1,1,464.9722222222302,0.9165000000000373,382.48611111107925,5.0
252.19999999999422,1,1,1,1,464.9444444444524,0.9163333333333706,382.47222222219034,5.0
252.3999999999942,1,1,1,1,464.91666666667464,0.916166666666704,382.4583333333014,5.0
252.5999999999942,1,1,1,1,464.8888888888969,0.9160000000000373,382.4444444444125,5.0
252.79999999999418,1,1,1,1,464.8611111111191,0.9158333333333707,382.4305555555236,5.0
252.99999999999417,1,1,1,1,464.83333333334133,0.915666666666704,382.4166666666347,5.0
253.19999999999416,1,1,1,1,464.80555555556356,0.9155000000000374,382.40277777774577,5.0
253.39999999999415,1,1,1,1,464.7777777777858,0.9153333333333707,382.38888888885685,5.0
253.59999999999414,1,1,1,1,464.750000000008,0.9151666666667041,382.37499999996794,5.0
253.79999999999413,1,1,1,1,464.72222222223024,0.9150000000000375,382.361111111079,5.0
253.99999999999412,1,1,1,1,464.6944444444525,0.9148333333333708,382.3472222221901,5.0
254.1999999999941,1,1,1,1,464.6666666666747,0.9146666666667042,382.3333333333012,5.0
254.3999999999941,1,1,1,1,464.63888888889693,0.9145000000000375,382.3194444444123,5.0
254.59999999999408,1,1,1,1,464.61111111111916,0.9143333333333709,382.30555555552337,5.0
254.79999999999407,1,1,1,1,464.5833333333414,0.9141666666667042,382.29166666663446,5.0
254.99999999999406,1,1,1,1,464.5555555555636,0.9140000000000376,382.27777777774554,5.0
255.19999999999405,1,1,1,1,464.52777777778584,0.9138333333333709,382.2638888888566,5.0
255.39999999999404,1,1,1,1,464.5000000000081,0.9136666666667043,382.2499999999677,5.0
255.59999999999403,1,1,1,1,464.4722222222303,0.9135000000000376,382.2361111110788,5.0
255.79999999999401,1,1,1,1,464.44444444445253,0.913333333333371,382.2222222221899,5.0
255.999999999994,1,1,1,1,464.41666666667476,0.9131666666667043,382.20833333330097,5.0
256.199999999994,1,1,1,1,464.388888888897,0.9130000000000377,382.19444444441206,5.0
256.399999999994,1,1,1,1,464.3611111111192,0.912833333333371,382.18055555552314,5.0
256.599999999994,1,1,1,1,464.33333333334144,0.9126666666667044,382.1666666666342,5.0
256.799999999994,1,1,1,1,464.30555555556367,0.9125000000000377,382.1527777777453,5.0
256.999999999994,1,1,1,1,464.2777777777859,0.9123333333333711,382.1388888888564,5.0
257.19999999999396,1,1,1,1,464.25000000000813,0.9121666666667044,382.1249999999675,5.0
257.39999999999395,1,1,1,1,464.22222222223036,0.9120000000000378,382.11111111107857,5.0
257.59999999999394,1,1,1,1,464.1944444444526,0.9118333333333711,382.09722222218966,5.0
257.79999999999393,1,1,1,1,464.1666666666748,0.9116666666667045,382.08333333330074,5.0
257.9999999999939,1,1,1,1,464.13888888889704,0.9115000000000378,382.06944444441183,5.0
258.1999999999939,1,1,1,1,464.11111111111927,0.9113333333333712,382.0555555555229,5.0
258.3999999999939,1,1,1,1,464.0833333333415,0.9111666666667045,382.041666666634,5.0
258.5999999999939,1,1,1,1,464.0555555555637,0.9110000000000379,382.0277777777451,5.0
258.7999999999939,1,1,1,1,464.02777777778596,0.9108333333333712,382.0138888888562,5.0
258.99999999999386,1,1,1,1,464.0000000000082,0.9106666666667046,381.99999999996726,5.0
259.19999999999385,1,1,1,1,463.9722222222304,0.910500000000038,381.98611111107834,5.0
259.39999999999384,1,1,1,1,463.94444444445264,0.9103333333333713,381.97222222218943,5.0
259.5999999999938,1,1,1,1,463.91666666667487,0.9101666666667046,381.9583333333005,5.0
259.7999999999938,1,1,1,1,463.8888888888971,0.910000000000038,381.9444444444116,5.0
259.9999999999938,1,1,1,1,463.8611111111193,0.9098333333333714,381.9305555555227,5.0
260.1999999999938,1,1,1,1,463.83333333334156,0.9096666666667047,381.9166666666338,5.0
260.3999999999938,1,1,1,1,463.8055555555638,0.9095000000000381,381.90277777774486,5.0
260.59999999999377,1,1,1,1,463.777777777786,0.9093333333333714,381.88888888885594,5.0
260.79999999999376,1,1,1,1,463.75000000000824,0.9091666666667048,381.87499999996703,5.0
260.99999999999375,1,1,1,1,463.72222222223047,0.9090000000000381,381.8611111110781,5.0
261.19999999999374,1,1,1,1,463.6944444444527,0.9088333333333715,381.8472222221892,5.0
261.3999999999937,1,1,1,1,463.6666666666749,0.9086666666667048,381.8333333333003,5.0
261.5999999999937,1,1,1,1,463.63888888889716,0.9085000000000382,381.8194444444114,5.0
261.7999999999937,1,1,1,1,463.6111111111194,0.9083333333333715,381.80555555552246,5.0
261.9999999999937,1,1,1,1,463.5833333333416,0.9081666666667049,381.79166666663355,5.0
262.1999999999937,1,1,1,1,463.55555555556384,0.9080000000000382,381.77777777774463,5.0
262.39999999999367,1,1,1,1,463.52777777778607,0.9078333333333716,381.7638888888557,5.0
262.59999999999366,1,1,1,1,463.5000000000083,0.9076666666667049,381.7499999999668,5.0
262.79999999999364,1,1,1,1,463.4722222222305,0.9075000000000383,381.7361111110779,5.0
262.99999999999363,1,1,1,1,463.44444444445276,0.9073333333333716,381.722222222189,5.0
263.1999999999936,1,1,1,1,463.416666666675,0.907166666666705,381.70833333330006,5.0
263.3999999999936,1,1,1,1,463.3888888888972,0.9070000000000383,381.69444444441115,5.0
263.5999999999936,1,1,1,1,463.36111111111944,0.9068333333333717,381.68055555552223,5.0
263.7999999999936,1,1,1,1,463.33333333334167,0.906666666666705,381.6666666666333,5.0
263.9999999999936,1,1,1,1,463.3055555555639,0.9065000000000384,381.6527777777444,5.0
264.19999999999357,1,1,1,1,463.2777777777861,0.9063333333333717,381.6388888888555,5.0
264.39999999999355,1,1,1,1,463.25000000000836,0.9061666666667051,381.6249999999666,5.0
264.59999999999354,1,1,1,1,463.2222222222306,0.9060000000000384,381.61111111107766,5.0
264.79999999999353,1,1,1,1,463.1944444444528,0.9058333333333718,381.59722222218875,5.0
264.9999999999935,1,1,1,1,463.16666666667504,0.9056666666667051,381.58333333329983,5.0
265.1999999999935,1,1,1,1,463.13888888889727,0.9055000000000385,381.5694444444109,5.0
265.3999999999935,1,1,1,1,463.1111111111195,0.9053333333333718,381.555555555522,5.0
265.5999999999935,1,1,1,1,463.0833333333417,0.9051666666667052,381.5416666666331,5.0
265.7999999999935,1,1,1,1,463.05555555556396,0.9050000000000386,381.5277777777442,5.0
265.99999999999346,1,1,1,1,463.0277777777862,0.9048333333333719,381.51388888885526,5.0
266.19999999999345,1,1,1,1,463.0000000000084,0.9046666666667053,381.49999999996635,5.0
266.39999999999344,1,1,1,1,462.97222222223064,0.9045000000000386,381.48611111107743,5.0
266.59999999999343,1,1,1,1,462.94444444445287,0.904333333333372,381.4722222221885,5.0
266.7999999999934,1,1,1,1,462.9166666666751,0.9041666666667053,381.4583333332996,5.0
266.9999999999934,1,1,1,1,462.8888888888973,0.9040000000000387,381.4444444444107,5.0
267.1999999999934,1,1,1,1,462.86111111111956,0.903833333333372,381.4305555555218,5.0
267.3999999999934,1,1,1,1,462.8333333333418,0.9036666666667054,381.41666666663286,5.0
267.5999999999934,1,1,1,1,462.805555555564,0.9035000000000387,381.40277777774395,5.0
267.79999999999336,1,1,1,1,462.77777777778624,0.9033333333333721,381.38888888885504,5.0
267.99999999999335,1,1,1,1,462.75000000000847,0.9031666666667054,381.3749999999661,5.0
268.19999999999334,1,1,1,1,462.7222222222307,0.9030000000000388,381.3611111110772,5.0
268.3999999999933,1,1,1,1,462.6944444444529,0.9028333333333721,381.3472222221883,5.0
268.5999999999933,1,1,1,1,462.66666666667516,0.9026666666667055,381.3333333332994,5.0
268.7999999999933,1,1,1,1,462.6388888888974,0.9025000000000388,381.31944444441046,5.0
268.9999999999933,1,1,1,1,462.6111111111196,0.9023333333333722,381.30555555552155,5.0
269.1999999999933,1,1,1,1,462.58333333334184,0.9021666666667055,381.29166666663264,5.0
269.39999999999327,1,1,1,1,462.55555555556407,0.9020000000000389,381.2777777777437,5.0
269.59999999999326,1,1,1,1,462.5277777777863,0.9018333333333722,381.2638888888548,5.0
269.79999999999325,1,1,1,1,462.5000000000085,0.9016666666667056,381.2499999999659,5.0
269.99999999999324,1,1,1,1,462.47222222223076,0.9015000000000389,381.236111111077,5.0
270.1999999999932,1,1,1,1,462.444444444453,0.9013333333333723,381.22222222218807,5.0
270.3999999999932,1,1,1,1,462.4166666666752,0.9011666666667056,381.20833333329915,5.0
270.5999999999932,1,1,1,1,462.38888888889744,0.901000000000039,381.19444444441024,5.0
270.7999999999932,1,1,1,1,462.36111111111967,0.9008333333333723,381.1805555555213,5.0
270.9999999999932,1,1,1,1,462.3333333333419,0.9006666666667057,381.1666666666324,5.0
271.19999999999317,1,1,1,1,462.3055555555641,0.900500000000039,381.1527777777435,5.0
271.39999999999316,1,1,1,1,462.27777777778635,0.9003333333333724,381.1388888888546,5.0
271.59999999999314,1,1,1,1,462.2500000000086,0.9001666666667058,381.12499999996567,5.0
271.79999999999313,1,1,1,1,462.2222222222308,0.9000000000000391,381.11111111107675,5.0
271.9999999999931,1,1,1,1,462.19444444445304,0.8998333333333725,381.09722222218784,5.0
272.1999999999931,1,1,1,1,462.16666666667527,0.8996666666667058,381.0833333332989,5.0
272.3999999999931,1,1,1,1,462.1388888888975,0.8995000000000392,381.06944444441,5.0
272.5999999999931,1,1,1,1,462.1111111111197,0.8993333333333725,381.0555555555211,5.0
272.7999999999931,1,1,1,1,462.08333333334195,0.8991666666667059,381.0416666666322,5.0
272.99999999999307,1,1,1,1,462.0555555555642,0.8990000000000392,381.02777777774327,5.0
273.19999999999305,1,1,1,1,462.0277777777864,0.8988333333333726,381.01388888885435,5.0
273.39999999999304,1,1,1,1,462.00000000000864,0.8986666666667059,380.99999999996544,5.0
273.59999999999303,1,1,1,1,461.97222222223087,0.8985000000000393,380.9861111110765,5.0
273.799999999993,1,1,1,1,461.9444444444531,0.8983333333333726,380.9722222221876,5.0
273.999999999993,1,1,1,1,461.9166666666753,0.898166666666706,380.9583333332987,5.0
274.199999999993,1,1,1,1,461.88888888889755,0.8980000000000393,380.9444444444098,5.0
274.399999999993,1,1,1,1,461.8611111111198,0.8978333333333727,380.93055555552087,5.0
274.599999999993,1,1,1,1,461.833333333342,0.897666666666706,380.91666666663195,5.0
274.79999999999296,1,1,1,1,461.80555555556424,0.8975000000000394,380.90277777774304,5.0
274.99999999999295,1,1,1,1,461.77777777778647,0.8973333333333727,380.8888888888541,5.0
275.19999999999294,1,1,1,1,461.7500000000087,0.8971666666667061,380.8749999999652,5.0
275.39999999999293,1,1,1,1,461.7222222222309,0.8970000000000394,380.8611111110763,5.0
275.5999999999929,1,1,1,1,461.69444444445315,0.8968333333333728,380.8472222221874,5.0
275.7999999999929,1,1,1,1,461.6666666666754,0.8966666666667061,380.83333333329847,5.0
275.9999999999929,1,1,1,1,461.6388888888976,0.8965000000000395,380.81944444440956,5.0
276.1999999999929,1,1,1,1,461.61111111111984,0.8963333333333728,380.80555555552064,5.0
276.3999999999929,1,1,1,1,461.58333333334207,0.8961666666667062,380.7916666666317,5.0
276.59999999999286,1,1,1,1,461.5555555555643,0.8960000000000395,380.7777777777428,5.0
276.79999999999285,1,1,1,1,461.5277777777865,0.8958333333333729,380.7638888888539,5.0
276.99999999999284,1,1,1,1,461.50000000000875,0.8956666666667062,380.749999999965,5.0
277.1999999999928,1,1,1,1,461.472222222231,0.8955000000000396,380.73611111107607,5.0
277.3999999999928,1,1,1,1,461.4444444444532,0.895333333333373,380.72222222218716,5.0
277.5999999999928,1,1,1,1,461.41666666667544,0.8951666666667063,380.70833333329824,5.0
277.7999999999928,1,1,1,1,461.38888888889767,0.8950000000000397,380.6944444444093,5.0
277.9999999999928,1,1,1,1,461.3611111111199,0.894833333333373,380.6805555555204,5.0
278.19999999999277,1,1,1,1,461.3333333333421,0.8946666666667064,380.6666666666315,5.0
278.39999999999276,1,1,1,1,461.30555555556435,0.8945000000000397,380.6527777777426,5.0
278.59999999999275,1,1,1,1,461.2777777777866,0.8943333333333731,380.63888888885367,5.0
278.79999999999274,1,1,1,1,461.2500000000088,0.8941666666667064,380.62499999996476,5.0
278.9999999999927,1,1,1,1,461.22222222223104,0.8940000000000398,380.61111111107584,5.0
279.1999999999927,1,1,1,1,461.19444444445327,0.8938333333333731,380.59722222218693,5.0
279.3999999999927,1,1,1,1,461.1666666666755,0.8936666666667065,380.583333333298,5.0
279.5999999999927,1,1,1,1,461.1388888888977,0.8935000000000398,380.5694444444091,5.0
279.7999999999927,1,1,1,1,461.11111111111995,0.8933333333333732,380.5555555555202,5.0
279.99999999999267,1,1,1,1,461.0833333333422,0.8931666666667065,380.5416666666313,5.0
280.19999999999266,1,1,1,1,461.0555555555644,0.8930000000000399,380.52777777774236,5.0
280.39999999999264,1,1,1,1,461.02777777778664,0.8928333333333732,380.51388888885344,5.0
280.59999999999263,1,1,1,1,461.00000000000887,0.8926666666667066,380.49999999996453,5.0
280.7999999999926,1,1,1,1,460.9722222222311,0.8925000000000399,380.4861111110756,5.0
280.9999999999926,1,1,1,1,460.9444444444533,0.8923333333333733,380.4722222221867,5.0
281.1999999999926,1,1,1,1,460.91666666667555,0.8921666666667066,380.4583333332978,5.0
281.3999999999926,1,1,1,1,460.8888888888978,0.89200000000004,380.4444444444089,5.0
281.5999999999926,1,1,1,1,460.86111111112,0.8918333333333733,380.43055555551996,5.0
281.79999999999256,1,1,1,1,460.83333333334224,0.8916666666667067,380.41666666663104,5.0
281.99999999999255,1,1,1,1,460.80555555556447,0.89150000000004,380.40277777774213,5.0
282.19999999999254,1,1,1,1,460.7777777777867,0.8913333333333734,380.3888888888532,5.0
282.39999999999253,1,1,1,1,460.7500000000089,0.8911666666667067,380.3749999999643,5.0
282.5999999999925,1,1,1,1,460.72222222223115,0.8910000000000401,380.3611111110754,5.0
282.7999999999925,1,1,1,1,460.6944444444534,0.8908333333333734,380.3472222221865,5.0
282.9999999999925,1,1,1,1,460.6666666666756,0.8906666666667068,380.33333333329756,5.0
283.1999999999925,1,1,1,1,460.63888888889784,0.8905000000000401,380.31944444440865,5.0
283.3999999999925,1,1,1,1,460.61111111112007,0.8903333333333735,380.30555555551973,5.0
283.59999999999246,1,1,1,1,460.5833333333423,0.8901666666667069,380.2916666666308,5.0
283.79999999999245,1,1,1,1,460.5555555555645,0.8900000000000402,380.2777777777419,5.0
283.99999999999244,1,1,1,1,460.52777777778675,0.8898333333333736,380.263888888853,5.0
284.19999999999243,1,1,1,1,460.500000000009,0.8896666666667069,380.2499999999641,5.0
284.3999999999924,1,1,1,1,460.4722222222312,0.8895000000000403,380.23611111107516,5.0
284.5999999999924,1,1,1,1,460.44444444445344,0.8893333333333736,380.22222222218625,5.0
284.7999999999924,1,1,1,1,460.41666666667567,0.889166666666707,380.20833333329733,5.0
284.9999999999924,1,1,1,1,460.3888888888979,0.8890000000000403,380.1944444444084,5.0
285.1999999999924,1,1,1,1,460.3611111111201,0.8888333333333737,380.1805555555195,5.0
285.39999999999236,1,1,1,1,460.33333333334235,0.888666666666707,380.1666666666306,5.0
285.59999999999235,1,1,1,1,460.3055555555646,0.8885000000000404,380.1527777777417,5.0
285.79999999999234,1,1,1,1,460.2777777777868,0.8883333333333737,380.13888888885276,5.0
285.9999999999923,1,1,1,1,460.25000000000904,0.8881666666667071,380.12499999996385,5.0
286.1999999999923,1,1,1,1,460.22222222223127,0.8880000000000404,380.11111111107493,5.0
286.3999999999923,1,1,1,1,460.1944444444535,0.8878333333333738,380.097222222186,5.0
286.5999999999923,1,1,1,1,460.1666666666757,0.8876666666667071,380.0833333332971,5.0
286.7999999999923,1,1,1,1,460.13888888889795,0.8875000000000405,380.0694444444082,5.0
286.99999999999227,1,1,1,1,460.1111111111202,0.8873333333333738,380.0555555555193,5.0
287.19999999999226,1,1,1,1,460.0833333333424,0.8871666666667072,380.04166666663036,5.0
287.39999999999225,1,1,1,1,460.05555555556464,0.8870000000000405,380.02777777774145,5.0
287.59999999999224,1,1,1,1,460.02777777778687,0.8868333333333739,380.01388888885253,5.0
287.7999999999922,1,1,1,1,460.0000000000091,0.8866666666667072,379.9999999999636,5.0
287.9999999999922,1,1,1,1,459.9722222222313,0.8865000000000406,379.9861111110747,5.0
288.1999999999922,1,1,1,1,459.94444444445355,0.8863333333333739,379.9722222221858,5.0
288.3999999999922,1,1,1,1,459.9166666666758,0.8861666666667073,379.9583333332969,5.0
288.5999999999922,1,1,1,1,459.888888888898,0.8860000000000406,379.94444444440796,5.0
288.79999999999217,1,1,1,1,459.86111111112024,0.885833333333374,379.93055555551905,5.0
288.99999999999216,1,1,1,1,459.83333333334247,0.8856666666667073,379.91666666663014,5.0
289.19999999999214,1,1,1,1,459.8055555555647,0.8855000000000407,379.9027777777412,5.0
289.39999999999213,1,1,1,1,459.7777777777869,0.885333333333374,379.8888888888523,5.0
289.5999999999921,1,1,1,1,459.75000000000915,0.8851666666667074,379.8749999999634,5.0
289.7999999999921,1,1,1,1,459.7222222222314,0.8850000000000408,379.8611111110745,5.0
289.9999999999921,1,1,1,1,459.6944444444536,0.8848333333333741,379.84722222218556,5.0
290.1999999999921,1,1,1,1,459.66666666667584,0.8846666666667075,379.83333333329665,5.0
290.3999999999921,1,1,1,1,459.63888888889807,0.8845000000000408,379.81944444440774,5.0
290.59999999999206,1,1,1,1,459.6111111111203,0.8843333333333742,379.8055555555188,5.0
290.79999999999205,1,1,1,1,459.5833333333425,0.8841666666667075,379.7916666666299,5.0
290.99999999999204,1,1,1,1,459.55555555556475,0.8840000000000409,379.777777777741,5.0
291.19999999999203,1,1,1,1,459.527777777787,0.8838333333333742,379.7638888888521,5.0
291.399999999992,1,1,1,1,459.5000000000092,0.8836666666667076,379.74999999996317,5.0
291.599999999992,1,1,1,1,459.47222222223144,0.8835000000000409,379.73611111107425,5.0
291.799999999992,1,1,1,1,459.44444444445367,0.8833333333333743,379.72222222218534,5.0
291.999999999992,1,1,1,1,459.4166666666759,0.8831666666667076,379.7083333332964,5.0
292.199999999992,1,1,1,1,459.3888888888981,0.883000000000041,379.6944444444075,5.0
292.39999999999196,1,1,1,1,459.36111111112035,0.8828333333333743,379.6805555555186,5.0
292.59999999999195,1,1,1,1,459.3333333333426,0.8826666666667077,379.6666666666297,5.0
292.79999999999194,1,1,1,1,459.3055555555648,0.882500000000041,379.65277777774077,5.0
292.9999999999919,1,1,1,1,459.27777777778704,0.8823333333333744,379.63888888885185,5.0
293.1999999999919,1,1,1,1,459.25000000000927,0.8821666666667077,379.62499999996294,5.0
293.3999999999919,1,1,1,1,459.2222222222315,0.8820000000000411,379.611111111074,5.0
293.5999999999919,1,1,1,1,459.1944444444537,0.8818333333333744,379.5972222221851,5.0
293.7999999999919,1,1,1,1,459.16666666667595,0.8816666666667078,379.5833333332962,5.0
293.99999999999187,1,1,1,1,459.1388888888982,0.8815000000000411,379.5694444444073,5.0
294.19999999999186,1,1,1,1,459.1111111111204,0.8813333333333745,379.55555555551837,5.0
294.39999999999185,1,1,1,1,459.08333333334264,0.8811666666667078,379.54166666662945,5.0
294.59999999999184,1,1,1,1,459.05555555556487,0.8810000000000412,379.52777777774054,5.0
294.7999999999918,1,1,1,1,459.0277777777871,0.8808333333333745,379.5138888888516,5.0
294.9999999999918,1,1,1,1,459.0000000000093,0.8806666666667079,379.4999999999627,5.0
295.1999999999918,1,1,1,1,458.97222222223155,0.8805000000000412,379.4861111110738,5.0
295.3999999999918,1,1,1,1,458.9444444444538,0.8803333333333746,379.4722222221849,5.0
295.5999999999918,1,1,1,1,458.916666666676,0.880166666666708,379.45833333329597,5.0
295.79999999999177,1,1,1,1,458.88888888889824,0.8800000000000413,379.44444444440705,5.0
295.99999999999176,1,1,1,1,458.86111111112047,0.8798333333333747,379.43055555551814,5.0
296.19999999999175,1,1,1,1,458.8333333333427,0.879666666666708,379.4166666666292,5.0
296.39999999999173,1,1,1,1,458.8055555555649,0.8795000000000414,379.4027777777403,5.0
296.5999999999917,1,1,1,1,458.77777777778715,0.8793333333333747,379.3888888888514,5.0
296.7999999999917,1,1,1,1,458.7500000000094,0.8791666666667081,379.3749999999625,5.0
296.9999999999917,1,1,1,1,458.7222222222316,0.8790000000000414,379.36111111107357,5.0
297.1999999999917,1,1,1,1,458.69444444445384,0.8788333333333748,379.34722222218466,5.0
297.3999999999917,1,1,1,1,458.66666666667606,0.8786666666667081,379.33333333329574,5.0
297.59999999999167,1,1,1,1,458.6388888888983,0.8785000000000415,379.3194444444068,5.0
297.79999999999166,1,1,1,1,458.6111111111205,0.8783333333333748,379.3055555555179,5.0
297.99999999999164,1,1,1,1,458.58333333334275,0.8781666666667082,379.291666666629,5.0
298.19999999999163,1,1,1,1,458.555555555565,0.8780000000000415,379.2777777777401,5.0
298.3999999999916,1,1,1,1,458.5277777777872,0.8778333333333749,379.26388888885117,5.0
298.5999999999916,1,1,1,1,458.50000000000944,0.8776666666667082,379.24999999996226,5.0
298.7999999999916,1,1,1,1,458.47222222223166,0.8775000000000416,379.23611111107334,5.0
298.9999999999916,1,1,1,1,458.4444444444539,0.8773333333333749,379.2222222221844,5.0
299.1999999999916,1,1,1,1,458.4166666666761,0.8771666666667083,379.2083333332955,5.0
299.39999999999156,1,1,1,1,458.38888888889835,0.8770000000000416,379.1944444444066,5.0
299.59999999999155,1,1,1,1,458.3611111111206,0.876833333333375,379.1805555555177,5.0
299.79999999999154,1,1,1,1,458.3333333333428,0.8766666666667083,379.16666666662877,5.0
299.99999999999153,1,1,1,1,458.30555555556504,0.8765000000000417,379.15277777773986,5.0
300.1999999999915,1,1,1,1,458.27777777778726,0.876333333333375,379.13888888885094,5.0
300.3999999999915,1,1,1,1,458.2500000000095,0.8761666666667084,379.12499999996203,5.0
300.5999999999915,1,1,1,1,458.2222222222317,0.8760000000000417,379.1111111110731,5.0
300.7999999999915,1,1,1,1,458.19444444445395,0.8758333333333751,379.0972222221842,5.0
300.9999999999915,1,1,1,1,458.1666666666762,0.8756666666667084,379.0833333332953,5.0
301.19999999999146,1,1,1,1,458.1388888888984,0.8755000000000418,379.0694444444064,5.0
301.39999999999145,1,1,1,1,458.11111111112064,0.8753333333333752,379.05555555551746,5.0
301.59999999999144,1,1,1,1,458.08333333334286,0.8751666666667085,379.04166666662854,5.0
301.7999999999914,1,1,1,1,458.0555555555651,0.8750000000000419,379.02777777773963,5.0
301.9999999999914,1,1,1,1,458.0277777777873,0.8748333333333752,379.0138888888507,5.0
302.1999999999914,1,1,1,1,458.00000000000955,0.8746666666667086,378.9999999999618,5.0
302.3999999999914,1,1,1,1,457.9722222222318,0.8745000000000419,378.9861111110729,5.0
302.5999999999914,1,1,1,1,457.944444444454,0.8743333333333753,378.972222222184,5.0
302.79999999999137,1,1,1,1,457.91666666667624,0.8741666666667086,378.95833333329506,5.0
302.99999999999136,1,1,1,1,457.88888888889846,0.874000000000042,378.94444444440614,5.0
303.19999999999135,1,1,1,1,457.8611111111207,0.8738333333333753,378.93055555551723,5.0
303.39999999999134,1,1,1,1,457.8333333333429,0.8736666666667087,378.9166666666283,5.0
303.5999999999913,1,1,1,1,457.80555555556515,0.873500000000042,378.9027777777394,5.0
303.7999999999913,1,1,1,1,457.7777777777874,0.8733333333333754,378.8888888888505,5.0
303.9999999999913,1,1,1,1,457.7500000000096,0.8731666666667087,378.8749999999616,5.0
304.1999999999913,1,1,1,1,457.72222222223184,0.8730000000000421,378.86111111107266,5.0
304.3999999999913,1,1,1,1,457.69444444445406,0.8728333333333754,378.84722222218375,5.0
304.59999999999127,1,1,1,1,457.6666666666763,0.8726666666667088,378.83333333329483,5.0
304.79999999999126,1,1,1,1,457.6388888888985,0.8725000000000421,378.8194444444059,5.0
304.99999999999125,1,1,1,1,457.61111111112075,0.8723333333333755,378.805555555517,5.0
305.19999999999123,1,1,1,1,457.583333333343,0.8721666666667088,378.7916666666281,5.0
305.3999999999912,1,1,1,1,457.5555555555652,0.8720000000000422,378.7777777777392,5.0
305.5999999999912,1,1,1,1,457.52777777778743,0.8718333333333755,378.76388888885026,5.0
305.7999999999912,1,1,1,1,457.50000000000966,0.8716666666667089,378.74999999996135,5.0
305.9999999999912,1,1,1,1,457.4722222222319,0.8715000000000422,378.73611111107243,5.0
306.1999999999912,1,1,1,1,457.4444444444541,0.8713333333333756,378.7222222221835,5.0
306.39999999999117,1,1,1,1,457.41666666667635,0.8711666666667089,378.7083333332946,5.0
306.59999999999116,1,1,1,1,457.3888888888986,0.8710000000000423,378.6944444444057,5.0
306.79999999999114,1,1,1,1,457.3611111111208,0.8708333333333756,378.6805555555168,5.0
306.99999999999113,1,1,1,1,457.33333333334303,0.870666666666709,378.66666666662786,5.0
307.1999999999911,1,1,1,1,457.30555555556526,0.8705000000000424,378.65277777773895,5.0
307.3999999999911,1,1,1,1,457.2777777777875,0.8703333333333757,378.63888888885003,5.0
307.5999999999911,1,1,1,1,457.2500000000097,0.870166666666709,378.6249999999611,5.0
307.7999999999911,1,1,1,1,457.22222222223195,0.8700000000000424,378.6111111110722,5.0
307.9999999999911,1,1,1,1,457.1944444444542,0.8698333333333758,378.5972222221833,5.0
308.19999999999106,1,1,1,1,457.1666666666764,0.8696666666667091,378.5833333332944,5.0
308.39999999999105,1,1,1,1,457.13888888889863,0.8695000000000425,378.56944444440546,5.0
308.59999999999104,1,1,1,1,457.11111111112086,0.8693333333333758,378.55555555551655,5.0
308.79999999999103,1,1,1,1,457.0833333333431,0.8691666666667092,378.54166666662763,5.0
308.999999999991,1,1,1,1,457.0555555555653,0.8690000000000425,378.5277777777387,5.0
309.199999999991,1,1,1,1,457.02777777778755,0.8688333333333759,378.5138888888498,5.0
309.399999999991,1,1,1,1,457.0000000000098,0.8686666666667092,378.4999999999609,5.0
309.599999999991,1,1,1,1,456.972222222232,0.8685000000000426,378.486111111072,5.0
309.799999999991,1,1,1,1,456.94444444445423,0.8683333333333759,378.47222222218306,5.0
309.99999999999096,1,1,1,1,456.91666666667646,0.8681666666667093,378.45833333329415,5.0
310.19999999999095,1,1,1,1,456.8888888888987,0.8680000000000426,378.44444444440524,5.0
310.39999999999094,1,1,1,1,456.8611111111209,0.867833333333376,378.4305555555163,5.0
310.5999999999909,1,1,1,1,456.83333333334315,0.8676666666667093,378.4166666666274,5.0
310.7999999999909,1,1,1,1,456.8055555555654,0.8675000000000427,378.4027777777385,5.0
310.9999999999909,1,1,1,1,456.7777777777876,0.867333333333376,378.3888888888496,5.0
311.1999999999909,1,1,1,1,456.75000000000983,0.8671666666667094,378.37499999996066,5.0
311.3999999999909,1,1,1,1,456.72222222223206,0.8670000000000427,378.36111111107175,5.0
311.59999999999087,1,1,1,1,456.6944444444543,0.8668333333333761,378.34722222218284,5.0
311.79999999999086,1,1,1,1,456.6666666666765,0.8666666666667094,378.3333333332939,5.0
311.99999999999085,1,1,1,1,456.63888888889875,0.8665000000000428,378.319444444405,5.0
312.19999999999084,1,1,1,1,456.611111111121,0.8663333333333761,378.3055555555161,5.0
312.3999999999908,1,1,1,1,456.5833333333432,0.8661666666667095,378.2916666666272,5.0
312.5999999999908,1,1,1,1,456.55555555556543,0.8660000000000428,378.27777777773827,5.0
312.7999999999908,1,1,1,1,456.52777777778766,0.8658333333333762,378.26388888884935,5.0
312.9999999999908,1,1,1,1,456.5000000000099,0.8656666666667095,378.24999999996044,5.0
313.1999999999908,1,1,1,1,456.4722222222321,0.8655000000000429,378.2361111110715,5.0
313.39999999999077,1,1,1,1,456.44444444445435,0.8653333333333763,378.2222222221826,5.0
313.59999999999076,1,1,1,1,456.4166666666766,0.8651666666667096,378.2083333332937,5.0
313.79999999999075,1,1,1,1,456.3888888888988,0.865000000000043,378.1944444444048,5.0
313.99999999999073,1,1,1,1,456.36111111112103,0.8648333333333763,378.18055555551587,5.0
314.1999999999907,1,1,1,1,456.33333333334326,0.8646666666667097,378.16666666662695,5.0
314.3999999999907,1,1,1,1,456.3055555555655,0.864500000000043,378.15277777773804,5.0
314.5999999999907,1,1,1,1,456.2777777777877,0.8643333333333764,378.1388888888491,5.0
314.7999999999907,1,1,1,1,456.25000000000995,0.8641666666667097,378.1249999999602,5.0
314.9999999999907,1,1,1,1,456.2222222222322,0.8640000000000431,378.1111111110713,5.0
315.19999999999067,1,1,1,1,456.1944444444544,0.8638333333333764,378.0972222221824,5.0
315.39999999999065,1,1,1,1,456.16666666667663,0.8636666666667098,378.08333333329347,5.0
315.59999999999064,1,1,1,1,456.13888888889886,0.8635000000000431,378.06944444440455,5.0
315.79999999999063,1,1,1,1,456.1111111111211,0.8633333333333765,378.05555555551564,5.0
315.9999999999906,1,1,1,1,456.0833333333433,0.8631666666667098,378.0416666666267,5.0
316.1999999999906,1,1,1,1,456.05555555556555,0.8630000000000432,378.0277777777378,5.0
316.3999999999906,1,1,1,1,456.0277777777878,0.8628333333333765,378.0138888888489,5.0
316.5999999999906,1,1,1,1,456.00000000001,0.8626666666667099,377.99999999996,5.0
316.7999999999906,1,1,1,1,455.97222222223223,0.8625000000000432,377.98611111107107,5.0
316.99999999999056,1,1,1,1,455.94444444445446,0.8623333333333766,377.97222222218215,5.0
317.19999999999055,1,1,1,1,455.9166666666767,0.8621666666667099,377.95833333329324,5.0
317.39999999999054,1,1,1,1,455.8888888888989,0.8620000000000433,377.9444444444043,5.0
317.59999999999053,1,1,1,1,455.86111111112115,0.8618333333333766,377.9305555555154,5.0
317.7999999999905,1,1,1,1,455.8333333333434,0.86166666666671,377.9166666666265,5.0
317.9999999999905,1,1,1,1,455.8055555555656,0.8615000000000433,377.9027777777376,5.0
318.1999999999905,1,1,1,1,455.77777777778783,0.8613333333333767,377.88888888884867,5.0
318.3999999999905,1,1,1,1,455.75000000001006,0.86116666666671,377.87499999995975,5.0
318.5999999999905,1,1,1,1,455.7222222222323,0.8610000000000434,377.86111111107084,5.0
318.79999999999046,1,1,1,1,455.6944444444545,0.8608333333333767,377.8472222221819,5.0
318.99999999999045,1,1,1,1,455.66666666667675,0.8606666666667101,377.833333333293,5.0
319.19999999999044,1,1,1,1,455.638888888899,0.8605000000000435,377.8194444444041,5.0
319.3999999999904,1,1,1,1,455.6111111111212,0.8603333333333768,377.8055555555152,5.0
319.5999999999904,1,1,1,1,455.58333333334343,0.8601666666667102,377.79166666662627,5.0
319.7999999999904,1,1,1,1,455.55555555556566,0.8600000000000435,377.77777777773736,5.0
319.9999999999904,1,1,1,1,455.5277777777879,0.8598333333333769,377.76388888884844,5.0
320.1999999999904,1,1,1,1,455.5000000000101,0.8596666666667102,377.7499999999595,5.0
320.39999999999037,1,1,1,1,455.47222222223235,0.8595000000000436,377.7361111110706,5.0
320.59999999999036,1,1,1,1,455.4444444444546,0.8593333333333769,377.7222222221817,5.0
320.79999999999035,1,1,1,1,455.4166666666768,0.8591666666667103,377.7083333332928,5.0
320.99999999999034,1,1,1,1,455.38888888889903,0.8590000000000436,377.69444444440387,5.0
321.1999999999903,1,1,1,1,455.36111111112126,0.858833333333377,377.68055555551496,5.0
321.3999999999903,1,1,1,1,455.3333333333435,0.8586666666667103,377.66666666662604,5.0
321.5999999999903,1,1,1,1,455.3055555555657,0.8585000000000437,377.6527777777371,5.0
321.7999999999903,1,1,1,1,455.27777777778795,0.858333333333377,377.6388888888482,5.0
321.9999999999903,1,1,1,1,455.2500000000102,0.8581666666667104,377.6249999999593,5.0
322.19999999999027,1,1,1,1,455.2222222222324,0.8580000000000437,377.6111111110704,5.0
322.39999999999026,1,1,1,1,455.19444444445463,0.8578333333333771,377.5972222221815,5.0
322.59999999999025,1,1,1,1,455.16666666667686,0.8576666666667104,377.58333333329256,5.0
322.79999999999023,1,1,1,1,455.1388888888991,0.8575000000000438,377.56944444440364,5.0
322.9999999999902,1,1,1,1,455.1111111111213,0.8573333333333771,377.55555555551473,5.0
323.1999999999902,1,1,1,1,455.08333333334355,0.8571666666667105,377.5416666666258,5.0
323.3999999999902,1,1,1,1,455.0555555555658,0.8570000000000438,377.5277777777369,5.0
323.5999999999902,1,1,1,1,455.027777777788,0.8568333333333772,377.513888888848,5.0
323.7999999999902,1,1,1,1,455.00000000001023,0.8566666666667105,377.4999999999591,5.0
323.99999999999017,1,1,1,1,454.97222222223246,0.8565000000000439,377.48611111107016,5.0
324.19999999999015,1,1,1,1,454.9444444444547,0.8563333333333772,377.47222222218124,5.0
324.39999999999014,1,1,1,1,454.9166666666769,0.8561666666667106,377.45833333329233,5.0
324.59999999999013,1,1,1,1,454.88888888889915,0.856000000000044,377.4444444444034,5.0
324.7999999999901,1,1,1,1,454.8611111111214,0.8558333333333773,377.4305555555145,5.0
324.9999999999901,1,1,1,1,454.8333333333436,0.8556666666667107,377.4166666666256,5.0
325.1999999999901,1,1,1,1,454.80555555556583,0.855500000000044,377.4027777777367,5.0
325.3999999999901,1,1,1,1,454.77777777778806,0.8553333333333774,377.38888888884776,5.0
325.5999999999901,1,1,1,1,454.7500000000103,0.8551666666667107,377.37499999995885,5.0
325.79999999999006,1,1,1,1,454.7222222222325,0.8550000000000441,377.36111111106993,5.0
325.99999999999005,1,1,1,1,454.69444444445475,0.8548333333333774,377.347222222181,5.0
326.19999999999004,1,1,1,1,454.666666666677,0.8546666666667108,377.3333333332921,5.0
326.39999999999003,1,1,1,1,454.6388888888992,0.8545000000000441,377.3194444444032,5.0
326.59999999999,1,1,1,1,454.61111111112143,0.8543333333333775,377.3055555555143,5.0
326.79999999999,1,1,1,1,454.58333333334366,0.8541666666667108,377.29166666662536,5.0
326.99999999999,1,1,1,1,454.5555555555659,0.8540000000000442,377.27777777773645,5.0
327.19999999999,1,1,1,1,454.5277777777881,0.8538333333333775,377.26388888884753,5.0
327.39999999999,1,1,1,1,454.50000000001035,0.8536666666667109,377.2499999999586,5.0
327.59999999998996,1,1,1,1,454.4722222222326,0.8535000000000442,377.2361111110697,5.0
327.79999999998995,1,1,1,1,454.4444444444548,0.8533333333333776,377.2222222221808,5.0
327.99999999998994,1,1,1,1,454.41666666667703,0.8531666666667109,377.2083333332919,5.0
328.1999999999899,1,1,1,1,454.38888888889926,0.8530000000000443,377.19444444440296,5.0
328.3999999999899,1,1,1,1,454.3611111111215,0.8528333333333776,377.18055555551405,5.0
328.5999999999899,1,1,1,1,454.3333333333437,0.852666666666711,377.16666666662513,5.0
328.7999999999899,1,1,1,1,454.30555555556595,0.8525000000000443,377.1527777777362,5.0
328.9999999999899,1,1,1,1,454.2777777777882,0.8523333333333777,377.1388888888473,5.0
329.19999999998987,1,1,1,1,454.2500000000104,0.852166666666711,377.1249999999584,5.0
329.39999999998986,1,1,1,1,454.22222222223263,0.8520000000000444,377.1111111110695,5.0
329.59999999998985,1,1,1,1,454.19444444445486,0.8518333333333777,377.09722222218056,5.0
329.79999999998984,1,1,1,1,454.1666666666771,0.8516666666667111,377.08333333329165,5.0
329.9999999999898,1,1,1,1,454.1388888888993,0.8515000000000444,377.06944444440273,5.0
330.1999999999898,1,1,1,1,454.11111111112155,0.8513333333333778,377.0555555555138,5.0
330.3999999999898,1,1,1,1,454.0833333333438,0.8511666666667111,377.0416666666249,5.0
330.5999999999898,1,1,1,1,454.055555555566,0.8510000000000445,377.027777777736,5.0
330.7999999999898,1,1,1,1,454.02777777778823,0.8508333333333779,377.0138888888471,5.0
330.99999999998977,1,1,1,1,454.00000000001046,0.8506666666667112,376.99999999995816,5.0
331.19999999998976,1,1,1,1,453.9722222222327,0.8505000000000446,376.98611111106925,5.0
331.39999999998975,1,1,1,1,453.9444444444549,0.8503333333333779,376.97222222218033,5.0
331.59999999998973,1,1,1,1,453.91666666667714,0.8501666666667113,376.9583333332914,5.0
331.7999999999897,1,1,1,1,453.8888888888994,0.8500000000000446,376.9444444444025,5.0
331.9999999999897,1,1,1,1,453.8611111111216,0.849833333333378,376.9305555555136,5.0
332.1999999999897,1,1,1,1,453.83333333334383,0.8496666666667113,376.9166666666247,5.0
332.3999999999897,1,1,1,1,453.80555555556606,0.8495000000000447,376.90277777773576,5.0
332.5999999999897,1,1,1,1,453.7777777777883,0.849333333333378,376.88888888884685,5.0
332.79999999998967,1,1,1,1,453.7500000000105,0.8491666666667114,376.87499999995794,5.0
332.99999999998965,1,1,1,1,453.72222222223274,0.8490000000000447,376.861111111069,5.0
333.19999999998964,1,1,1,1,453.694444444455,0.8488333333333781,376.8472222221801,5.0
333.39999999998963,1,1,1,1,453.6666666666772,0.8486666666667114,376.8333333332912,5.0
333.5999999999896,1,1,1,1,453.63888888889943,0.8485000000000448,376.8194444444023,5.0
333.7999999999896,1,1,1,1,453.61111111112166,0.8483333333333781,376.80555555551337,5.0
333.9999999999896,1,1,1,1,453.5833333333439,0.8481666666667115,376.79166666662445,5.0
334.1999999999896,1,1,1,1,453.5555555555661,0.8480000000000448,376.77777777773554,5.0
334.3999999999896,1,1,1,1,453.52777777778834,0.8478333333333782,376.7638888888466,5.0
334.59999999998956,1,1,1,1,453.5000000000106,0.8476666666667115,376.7499999999577,5.0
334.79999999998955,1,1,1,1,453.4722222222328,0.8475000000000449,376.7361111110688,5.0
334.99999999998954,1,1,1,1,453.44444444445503,0.8473333333333782,376.7222222221799,5.0
335.19999999998953,1,1,1,1,453.41666666667726,0.8471666666667116,376.70833333329097,5.0
335.3999999999895,1,1,1,1,453.3888888888995,0.8470000000000449,376.69444444440205,5.0
335.5999999999895,1,1,1,1,453.3611111111217,0.8468333333333783,376.68055555551314,5.0
335.7999999999895,1,1,1,1,453.33333333334394,0.8466666666667116,376.6666666666242,5.0
335.9999999999895,1,1,1,1,453.3055555555662,0.846500000000045,376.6527777777353,5.0
336.1999999999895,1,1,1,1,453.2777777777884,0.8463333333333783,376.6388888888464,5.0
336.39999999998946,1,1,1,1,453.25000000001063,0.8461666666667117,376.6249999999575,5.0
336.59999999998945,1,1,1,1,453.22222222223286,0.846000000000045,376.61111111106857,5.0
336.79999999998944,1,1,1,1,453.1944444444551,0.8458333333333784,376.59722222217965,5.0
336.9999999999894,1,1,1,1,453.1666666666773,0.8456666666667118,376.58333333329074,5.0
337.1999999999894,1,1,1,1,453.13888888889954,0.8455000000000451,376.5694444444018,5.0
337.3999999999894,1,1,1,1,453.1111111111218,0.8453333333333785,376.5555555555129,5.0
337.5999999999894,1,1,1,1,453.083333333344,0.8451666666667118,376.541666666624,5.0
337.7999999999894,1,1,1,1,453.05555555556623,0.8450000000000452,376.5277777777351,5.0
337.99999999998937,1,1,1,1,453.02777777778846,0.8448333333333785,376.51388888884617,5.0
338.19999999998936,1,1,1,1,453.0000000000107,0.8446666666667119,376.49999999995725,5.0
338.39999999998935,1,1,1,1,452.9722222222329,0.8445000000000452,376.48611111106834,5.0
338.59999999998934,1,1,1,1,452.94444444445514,0.8443333333333786,376.4722222221794,5.0
338.7999999999893,1,1,1,1,452.9166666666774,0.8441666666667119,376.4583333332905,5.0
338.9999999999893,1,1,1,1,452.8888888888996,0.8440000000000453,376.4444444444016,5.0
339.1999999999893,1,1,1,1,452.86111111112183,0.8438333333333786,376.4305555555127,5.0
339.3999999999893,1,1,1,1,452.83333333334406,0.843666666666712,376.41666666662377,5.0
339.5999999999893,1,1,1,1,452.8055555555663,0.8435000000000453,376.40277777773485,5.0
339.79999999998927,1,1,1,1,452.7777777777885,0.8433333333333787,376.38888888884594,5.0
339.99999999998926,1,1,1,1,452.75000000001074,0.843166666666712,376.374999999957,5.0
340.19999999998925,1,1,1,1,452.722222222233,0.8430000000000454,376.3611111110681,5.0
340.39999999998923,1,1,1,1,452.6944444444552,0.8428333333333787,376.3472222221792,5.0
340.5999999999892,1,1,1,1,452.66666666667743,0.8426666666667121,376.3333333332903,5.0
340.7999999999892,1,1,1,1,452.63888888889966,0.8425000000000454,376.31944444440137,5.0
340.9999999999892,1,1,1,1,452.6111111111219,0.8423333333333788,376.30555555551246,5.0
341.1999999999892,1,1,1,1,452.5833333333441,0.8421666666667121,376.29166666662354,5.0
341.3999999999892,1,1,1,1,452.55555555556634,0.8420000000000455,376.2777777777346,5.0
341.59999999998917,1,1,1,1,452.5277777777886,0.8418333333333788,376.2638888888457,5.0
341.79999999998915,1,1,1,1,452.5000000000108,0.8416666666667122,376.2499999999568,5.0
341.99999999998914,1,1,1,1,452.47222222223303,0.8415000000000455,376.2361111110679,5.0
342.19999999998913,1,1,1,1,452.44444444445526,0.8413333333333789,376.22222222217897,5.0
342.3999999999891,1,1,1,1,452.4166666666775,0.8411666666667122,376.20833333329006,5.0
342.5999999999891,1,1,1,1,452.3888888888997,0.8410000000000456,376.19444444440114,5.0
342.7999999999891,1,1,1,1,452.36111111112194,0.840833333333379,376.1805555555122,5.0
342.9999999999891,1,1,1,1,452.33333333334417,0.8406666666667123,376.1666666666233,5.0
343.1999999999891,1,1,1,1,452.3055555555664,0.8405000000000457,376.1527777777344,5.0
343.39999999998906,1,1,1,1,452.27777777778863,0.840333333333379,376.1388888888455,5.0
343.59999999998905,1,1,1,1,452.25000000001086,0.8401666666667124,376.1249999999566,5.0
343.79999999998904,1,1,1,1,452.2222222222331,0.8400000000000457,376.11111111106766,5.0
343.99999999998903,1,1,1,1,452.1944444444553,0.8398333333333791,376.09722222217874,5.0
344.199999999989,1,1,1,1,452.16666666667754,0.8396666666667124,376.08333333328983,5.0
344.399999999989,1,1,1,1,452.13888888889977,0.8395000000000458,376.0694444444009,5.0
344.599999999989,1,1,1,1,452.111111111122,0.8393333333333791,376.055555555512,5.0
344.799999999989,1,1,1,1,452.0833333333442,0.8391666666667125,376.0416666666231,5.0
344.999999999989,1,1,1,1,452.05555555556646,0.8390000000000458,376.0277777777342,5.0
345.19999999998896,1,1,1,1,452.0277777777887,0.8388333333333792,376.01388888884526,5.0
345.39999999998895,1,1,1,1,452.0000000000109,0.8386666666667125,375.99999999995634,5.0
345.59999999998894,1,1,1,1,451.97222222223314,0.8385000000000459,375.98611111106743,5.0
345.7999999999889,1,1,1,1,451.94444444445537,0.8383333333333792,375.9722222221785,5.0
345.9999999999889,1,1,1,1,451.9166666666776,0.8381666666667126,375.9583333332896,5.0
346.1999999999889,1,1,1,1,451.8888888888998,0.8380000000000459,375.9444444444007,5.0
346.3999999999889,1,1,1,1,451.86111111112206,0.8378333333333793,375.9305555555118,5.0
346.5999999999889,1,1,1,1,451.8333333333443,0.8376666666667126,375.91666666662286,5.0
346.79999999998887,1,1,1,1,451.8055555555665,0.837500000000046,375.90277777773395,5.0
346.99999999998886,1,1,1,1,451.77777777778874,0.8373333333333793,375.88888888884503,5.0
347.19999999998885,1,1,1,1,451.75000000001097,0.8371666666667127,375.8749999999561,5.0
347.39999999998884,1,1,1,1,451.7222222222332,0.837000000000046,375.8611111110672,5.0
347.5999999999888,1,1,1,1,451.6944444444554,0.8368333333333794,375.8472222221783,5.0
347.7999999999888,1,1,1,1,451.66666666667766,0.8366666666667127,375.8333333332894,5.0
347.9999999999888,1,1,1,1,451.6388888888999,0.8365000000000461,375.81944444440046,5.0
348.1999999999888,1,1,1,1,451.6111111111221,0.8363333333333794,375.80555555551155,5.0
348.3999999999888,1,1,1,1,451.58333333334434,0.8361666666667128,375.79166666662263,5.0
348.59999999998877,1,1,1,1,451.55555555556657,0.8360000000000462,375.7777777777337,5.0
348.79999999998876,1,1,1,1,451.5277777777888,0.8358333333333795,375.7638888888448,5.0
348.99999999998875,1,1,1,1,451.500000000011,0.8356666666667129,375.7499999999559,5.0
349.19999999998873,1,1,1,1,451.47222222223326,0.8355000000000462,375.736111111067,5.0
349.3999999999887,1,1,1,1,451.4444444444555,0.8353333333333796,375.72222222217806,5.0
349.5999999999887,1,1,1,1,451.4166666666777,0.8351666666667129,375.70833333328915,5.0
349.7999999999887,1,1,1,1,451.38888888889994,0.8350000000000463,375.69444444440023,5.0
349.9999999999887,1,1,1,1,451.36111111112217,0.8348333333333796,375.6805555555113,5.0
350.1999999999887,1,1,1,1,451.3333333333444,0.834666666666713,375.6666666666224,5.0
350.39999999998867,1,1,1,1,451.3055555555666,0.8345000000000463,375.6527777777335,5.0
350.59999999998865,1,1,1,1,451.27777777778886,0.8343333333333797,375.6388888888446,5.0
350.79999999998864,1,1,1,1,451.2500000000111,0.834166666666713,375.62499999995566,5.0
350.99999999998863,1,1,1,1,451.2222222222333,0.8340000000000464,375.61111111106675,5.0
351.1999999999886,1,1,1,1,451.19444444445554,0.8338333333333797,375.59722222217783,5.0
351.3999999999886,1,1,1,1,451.16666666667777,0.8336666666667131,375.5833333332889,5.0
351.5999999999886,1,1,1,1,451.1388888889,0.8335000000000464,375.5694444444,5.0
351.7999999999886,1,1,1,1,451.1111111111222,0.8333333333333798,375.5555555555111,5.0
351.9999999999886,1,1,1,1,451.08333333334446,0.8331666666667131,375.5416666666222,5.0
352.19999999998856,1,1,1,1,451.0555555555667,0.8330000000000465,375.52777777773326,5.0
352.39999999998855,1,1,1,1,451.0277777777889,0.8328333333333798,375.51388888884435,5.0
352.59999999998854,1,1,1,1,451.00000000001114,0.8326666666667132,375.49999999995543,5.0
352.79999999998853,1,1,1,1,450.97222222223337,0.8325000000000465,375.4861111110665,5.0
352.9999999999885,1,1,1,1,450.9444444444556,0.8323333333333799,375.4722222221776,5.0
353.1999999999885,1,1,1,1,450.9166666666778,0.8321666666667132,375.4583333332887,5.0
353.3999999999885,1,1,1,1,450.88888888890006,0.8320000000000466,375.4444444443998,5.0
353.5999999999885,1,1,1,1,450.8611111111223,0.8318333333333799,375.43055555551086,5.0
353.7999999999885,1,1,1,1,450.8333333333445,0.8316666666667133,375.41666666662195,5.0
353.99999999998846,1,1,1,1,450.80555555556674,0.8315000000000466,375.40277777773304,5.0
354.19999999998845,1,1,1,1,450.77777777778897,0.83133333333338,375.3888888888441,5.0
354.39999999998844,1,1,1,1,450.7500000000112,0.8311666666667133,375.3749999999552,5.0
354.5999999999884,1,1,1,1,450.7222222222334,0.8310000000000467,375.3611111110663,5.0
354.7999999999884,1,1,1,1,450.69444444445566,0.83083333333338,375.3472222221774,5.0
354.9999999999884,1,1,1,1,450.6666666666779,0.8306666666667134,375.33333333328846,5.0
355.1999999999884,1,1,1,1,450.6388888889001,0.8305000000000468,375.31944444439955,5.0
355.3999999999884,1,1,1,1,450.61111111112234,0.8303333333333801,375.30555555551064,5.0
355.59999999998837,1,1,1,1,450.58333333334457,0.8301666666667135,375.2916666666217,5.0
355.79999999998836,1,1,1,1,450.5555555555668,0.8300000000000468,375.2777777777328,5.0
355.99999999998835,1,1,1,1,450.527777777789,0.8298333333333802,375.2638888888439,5.0
356.19999999998834,1,1,1,1,450.50000000001125,0.8296666666667135,375.249999999955,5.0
356.3999999999883,1,1,1,1,450.4722222222335,0.8295000000000469,375.23611111106607,5.0
356.5999999999883,1,1,1,1,450.4444444444557,0.8293333333333802,375.22222222217715,5.0
356.7999999999883,1,1,1,1,450.41666666667794,0.8291666666667136,375.20833333328824,5.0
356.9999999999883,1,1,1,1,450.38888888890017,0.8290000000000469,375.1944444443993,5.0
357.1999999999883,1,1,1,1,450.3611111111224,0.8288333333333803,375.1805555555104,5.0
357.39999999998827,1,1,1,1,450.3333333333446,0.8286666666667136,375.1666666666215,5.0
357.59999999998826,1,1,1,1,450.30555555556685,0.828500000000047,375.1527777777326,5.0
357.79999999998824,1,1,1,1,450.2777777777891,0.8283333333333803,375.13888888884367,5.0
357.99999999998823,1,1,1,1,450.2500000000113,0.8281666666667137,375.12499999995475,5.0
358.1999999999882,1,1,1,1,450.22222222223354,0.828000000000047,375.11111111106584,5.0
358.3999999999882,1,1,1,1,450.19444444445577,0.8278333333333804,375.0972222221769,5.0
358.5999999999882,1,1,1,1,450.166666666678,0.8276666666667137,375.083333333288,5.0
358.7999999999882,1,1,1,1,450.1388888889002,0.8275000000000471,375.0694444443991,5.0
358.9999999999882,1,1,1,1,450.11111111112245,0.8273333333333804,375.0555555555102,5.0
359.19999999998817,1,1,1,1,450.0833333333447,0.8271666666667138,375.04166666662127,5.0
359.39999999998815,1,1,1,1,450.0555555555669,0.8270000000000471,375.02777777773235,5.0
359.59999999998814,1,1,1,1,450.02777777778914,0.8268333333333805,375.01388888884344,5.0
359.79999999998813,1,1,1,1,450.00000000001137,0.8266666666667138,374.9999999999545,5.0
359.9999999999881,1,1,1,1,449.9722222222336,0.8265000000000472,374.9861111110656,5.0
360.1999999999881,1,1,1,1,449.9444444444558,0.8263333333333805,374.9722222221767,5.0
360.3999999999881,1,1,1,1,449.91666666667805,0.8261666666667139,374.9583333332878,5.0
360.5999999999881,1,1,1,1,449.8888888889003,0.8260000000000473,374.94444444439887,5.0
360.7999999999881,1,1,1,1,449.8611111111225,0.8258333333333806,374.93055555550995,5.0
360.99999999998806,1,1,1,1,449.83333333334474,0.825666666666714,374.91666666662104,5.0
361.19999999998805,1,1,1,1,449.80555555556697,0.8255000000000473,374.9027777777321,5.0
361.39999999998804,1,1,1,1,449.7777777777892,0.8253333333333807,374.8888888888432,5.0
361.59999999998803,1,1,1,1,449.7500000000114,0.825166666666714,374.8749999999543,5.0
361.799999999988,1,1,1,1,449.72222222223365,0.8250000000000474,374.8611111110654,5.0
361.999999999988,1,1,1,1,449.6944444444559,0.8248333333333807,374.84722222217647,5.0
362.199999999988,1,1,1,1,449.6666666666781,0.8246666666667141,374.83333333328756,5.0
362.399999999988,1,1,1,1,449.63888888890034,0.8245000000000474,374.81944444439864,5.0
362.599999999988,1,1,1,1,449.61111111112257,0.8243333333333808,374.8055555555097,5.0
362.79999999998796,1,1,1,1,449.5833333333448,0.8241666666667141,374.7916666666208,5.0
362.99999999998795,1,1,1,1,449.555555555567,0.8240000000000475,374.7777777777319,5.0
363.19999999998794,1,1,1,1,449.52777777778925,0.8238333333333808,374.763888888843,5.0
363.3999999999879,1,1,1,1,449.5000000000115,0.8236666666667142,374.74999999995407,5.0
363.5999999999879,1,1,1,1,449.4722222222337,0.8235000000000475,374.73611111106516,5.0
363.7999999999879,1,1,1,1,449.44444444445594,0.8233333333333809,374.72222222217624,5.0
363.9999999999879,1,1,1,1,449.41666666667817,0.8231666666667142,374.7083333332873,5.0
364.1999999999879,1,1,1,1,449.3888888889004,0.8230000000000476,374.6944444443984,5.0
364.39999999998787,1,1,1,1,449.3611111111226,0.8228333333333809,374.6805555555095,5.0
364.59999999998786,1,1,1,1,449.33333333334485,0.8226666666667143,374.6666666666206,5.0
364.79999999998785,1,1,1,1,449.3055555555671,0.8225000000000476,374.65277777773167,5.0
364.99999999998784,1,1,1,1,449.2777777777893,0.822333333333381,374.63888888884276,5.0
365.1999999999878,1,1,1,1,449.25000000001154,0.8221666666667143,374.62499999995384,5.0
365.3999999999878,1,1,1,1,449.22222222223377,0.8220000000000477,374.61111111106493,5.0
365.5999999999878,1,1,1,1,449.194444444456,0.821833333333381,374.597222222176,5.0
365.7999999999878,1,1,1,1,449.1666666666782,0.8216666666667144,374.5833333332871,5.0
365.9999999999878,1,1,1,1,449.13888888890045,0.8215000000000477,374.5694444443982,5.0
366.19999999998777,1,1,1,1,449.1111111111227,0.8213333333333811,374.5555555555093,5.0
366.39999999998776,1,1,1,1,449.0833333333449,0.8211666666667145,374.54166666662036,5.0
366.59999999998774,1,1,1,1,449.05555555556714,0.8210000000000478,374.52777777773144,5.0
366.79999999998773,1,1,1,1,449.02777777778937,0.8208333333333812,374.51388888884253,5.0
366.9999999999877,1,1,1,1,449.0000000000116,0.8206666666667145,374.4999999999536,5.0
367.1999999999877,1,1,1,1,448.9722222222338,0.8205000000000479,374.4861111110647,5.0
367.3999999999877,1,1,1,1,448.94444444445605,0.8203333333333812,374.4722222221758,5.0
367.5999999999877,1,1,1,1,448.9166666666783,0.8201666666667146,374.4583333332869,5.0
367.7999999999877,1,1,1,1,448.8888888889005,0.8200000000000479,374.44444444439796,5.0
367.99999999998766,1,1,1,1,448.86111111112274,0.8198333333333813,374.43055555550905,5.0
368.19999999998765,1,1,1,1,448.83333333334497,0.8196666666667146,374.41666666662013,5.0
368.39999999998764,1,1,1,1,448.8055555555672,0.819500000000048,374.4027777777312,5.0
368.59999999998763,1,1,1,1,448.7777777777894,0.8193333333333813,374.3888888888423,5.0
368.7999999999876,1,1,1,1,448.75000000001165,0.8191666666667147,374.3749999999534,5.0
368.9999999999876,1,1,1,1,448.7222222222339,0.819000000000048,374.3611111110645,5.0
369.1999999999876,1,1,1,1,448.6944444444561,0.8188333333333814,374.34722222217556,5.0
369.3999999999876,1,1,1,1,448.66666666667834,0.8186666666667147,374.33333333328665,5.0
369.5999999999876,1,1,1,1,448.63888888890057,0.8185000000000481,374.31944444439773,5.0
369.79999999998756,1,1,1,1,448.6111111111228,0.8183333333333814,374.3055555555088,5.0
369.99999999998755,1,1,1,1,448.583333333345,0.8181666666667148,374.2916666666199,5.0
370.19999999998754,1,1,1,1,448.55555555556725,0.8180000000000481,374.277777777731,5.0
370.39999999998753,1,1,1,1,448.5277777777895,0.8178333333333815,374.2638888888421,5.0
370.5999999999875,1,1,1,1,448.5000000000117,0.8176666666667148,374.24999999995316,5.0
370.7999999999875,1,1,1,1,448.47222222223394,0.8175000000000482,374.23611111106425,5.0
370.9999999999875,1,1,1,1,448.44444444445617,0.8173333333333815,374.22222222217533,5.0
371.1999999999875,1,1,1,1,448.4166666666784,0.8171666666667149,374.2083333332864,5.0
371.3999999999875,1,1,1,1,448.3888888889006,0.8170000000000482,374.1944444443975,5.0
371.59999999998746,1,1,1,1,448.36111111112285,0.8168333333333816,374.1805555555086,5.0
371.79999999998745,1,1,1,1,448.3333333333451,0.816666666666715,374.1666666666197,5.0
371.99999999998744,1,1,1,1,448.3055555555673,0.8165000000000483,374.15277777773076,5.0
372.1999999999874,1,1,1,1,448.27777777778954,0.8163333333333816,374.13888888884185,5.0
372.3999999999874,1,1,1,1,448.25000000001177,0.816166666666715,374.12499999995293,5.0
372.5999999999874,1,1,1,1,448.222222222234,0.8160000000000484,374.111111111064,5.0
372.7999999999874,1,1,1,1,448.1944444444562,0.8158333333333817,374.0972222221751,5.0
372.9999999999874,1,1,1,1,448.16666666667845,0.8156666666667151,374.0833333332862,5.0
373.19999999998737,1,1,1,1,448.1388888889007,0.8155000000000484,374.0694444443973,5.0
373.39999999998736,1,1,1,1,448.1111111111229,0.8153333333333818,374.05555555550836,5.0
373.59999999998735,1,1,1,1,448.08333333334514,0.8151666666667151,374.04166666661945,5.0
373.79999999998734,1,1,1,1,448.05555555556737,0.8150000000000485,374.02777777773053,5.0
373.9999999999873,1,1,1,1,448.0277777777896,0.8148333333333818,374.0138888888416,5.0
374.1999999999873,1,1,1,1,448.0000000000118,0.8146666666667152,373.9999999999527,5.0
374.3999999999873,1,1,1,1,447.97222222223405,0.8145000000000485,373.9861111110638,5.0
374.5999999999873,1,1,1,1,447.9444444444563,0.8143333333333819,373.9722222221749,5.0
374.7999999999873,1,1,1,1,447.9166666666785,0.8141666666667152,373.95833333328596,5.0
374.99999999998727,1,1,1,1,447.88888888890074,0.8140000000000486,373.94444444439705,5.0
375.19999999998726,1,1,1,1,447.86111111112297,0.8138333333333819,373.93055555550814,5.0
375.39999999998724,1,1,1,1,447.8333333333452,0.8136666666667153,373.9166666666192,5.0
375.59999999998723,1,1,1,1,447.8055555555674,0.8135000000000486,373.9027777777303,5.0
375.7999999999872,1,1,1,1,447.77777777778965,0.813333333333382,373.8888888888414,5.0
375.9999999999872,1,1,1,1,447.7500000000119,0.8131666666667153,373.8749999999525,5.0
376.1999999999872,1,1,1,1,447.7222222222341,0.8130000000000487,373.86111111106356,5.0
376.3999999999872,1,1,1,1,447.69444444445634,0.812833333333382,373.84722222217465,5.0
376.5999999999872,1,1,1,1,447.66666666667857,0.8126666666667154,373.83333333328574,5.0
376.79999999998716,1,1,1,1,447.6388888889008,0.8125000000000487,373.8194444443968,5.0
376.99999999998715,1,1,1,1,447.611111111123,0.8123333333333821,373.8055555555079,5.0
377.19999999998714,1,1,1,1,447.58333333334525,0.8121666666667154,373.791666666619,5.0
377.39999999998713,1,1,1,1,447.5555555555675,0.8120000000000488,373.7777777777301,5.0
377.5999999999871,1,1,1,1,447.5277777777897,0.8118333333333821,373.76388888884117,5.0
377.7999999999871,1,1,1,1,447.50000000001194,0.8116666666667155,373.74999999995225,5.0
377.9999999999871,1,1,1,1,447.47222222223417,0.8115000000000488,373.73611111106334,5.0
378.1999999999871,1,1,1,1,447.4444444444564,0.8113333333333822,373.7222222221744,5.0
378.3999999999871,1,1,1,1,447.4166666666786,0.8111666666667156,373.7083333332855,5.0
378.59999999998706,1,1,1,1,447.38888888890085,0.8110000000000489,373.6944444443966,5.0
378.79999999998705,1,1,1,1,447.3611111111231,0.8108333333333823,373.6805555555077,5.0
378.99999999998704,1,1,1,1,447.3333333333453,0.8106666666667156,373.66666666661877,5.0
379.199999999987,1,1,1,1,447.30555555556754,0.810500000000049,373.65277777772985,5.0
379.399999999987,1,1,1,1,447.27777777778977,0.8103333333333823,373.63888888884094,5.0
379.599999999987,1,1,1,1,447.250000000012,0.8101666666667157,373.624999999952,5.0
379.799999999987,1,1,1,1,447.2222222222342,0.810000000000049,373.6111111110631,5.0
379.999999999987,1,1,1,1,447.19444444445645,0.8098333333333824,373.5972222221742,5.0
380.19999999998697,1,1,1,1,447.1666666666787,0.8096666666667157,373.5833333332853,5.0
380.39999999998696,1,1,1,1,447.1388888889009,0.8095000000000491,373.56944444439637,5.0
380.59999999998695,1,1,1,1,447.11111111112314,0.8093333333333824,373.55555555550745,5.0
380.79999999998694,1,1,1,1,447.08333333334537,0.8091666666667158,373.54166666661854,5.0
380.9999999999869,1,1,1,1,447.0555555555676,0.8090000000000491,373.5277777777296,5.0
381.1999999999869,1,1,1,1,447.0277777777898,0.8088333333333825,373.5138888888407,5.0
381.3999999999869,1,1,1,1,447.00000000001205,0.8086666666667158,373.4999999999518,5.0
381.5999999999869,1,1,1,1,446.9722222222343,0.8085000000000492,373.4861111110629,5.0
381.7999999999869,1,1,1,1,446.9444444444565,0.8083333333333825,373.47222222217397,5.0
381.99999999998687,1,1,1,1,446.91666666667874,0.8081666666667159,373.45833333328505,5.0
382.19999999998686,1,1,1,1,446.88888888890096,0.8080000000000492,373.44444444439614,5.0
382.39999999998685,1,1,1,1,446.8611111111232,0.8078333333333826,373.4305555555072,5.0
382.59999999998684,1,1,1,1,446.8333333333454,0.8076666666667159,373.4166666666183,5.0
382.7999999999868,1,1,1,1,446.80555555556765,0.8075000000000493,373.4027777777294,5.0
382.9999999999868,1,1,1,1,446.7777777777899,0.8073333333333826,373.3888888888405,5.0
383.1999999999868,1,1,1,1,446.7500000000121,0.807166666666716,373.37499999995157,5.0
383.3999999999868,1,1,1,1,446.72222222223434,0.8070000000000493,373.36111111106266,5.0
383.5999999999868,1,1,1,1,446.69444444445656,0.8068333333333827,373.34722222217374,5.0
383.79999999998677,1,1,1,1,446.6666666666788,0.806666666666716,373.3333333332848,5.0
383.99999999998676,1,1,1,1,446.638888888901,0.8065000000000494,373.3194444443959,5.0
384.19999999998674,1,1,1,1,446.61111111112325,0.8063333333333828,373.305555555507,5.0
384.39999999998673,1,1,1,1,446.5833333333455,0.8061666666667161,373.2916666666181,5.0
384.5999999999867,1,1,1,1,446.5555555555677,0.8060000000000495,373.27777777772917,5.0
384.7999999999867,1,1,1,1,446.52777777778994,0.8058333333333828,373.26388888884026,5.0
384.9999999999867,1,1,1,1,446.50000000001216,0.8056666666667162,373.24999999995134,5.0
385.1999999999867,1,1,1,1,446.4722222222344,0.8055000000000495,373.2361111110624,5.0
385.3999999999867,1,1,1,1,446.4444444444566,0.8053333333333829,373.2222222221735,5.0
385.59999999998666,1,1,1,1,446.41666666667885,0.8051666666667162,373.2083333332846,5.0
385.79999999998665,1,1,1,1,446.3888888889011,0.8050000000000496,373.1944444443957,5.0
385.99999999998664,1,1,1,1,446.3611111111233,0.8048333333333829,373.18055555550677,5.0
386.19999999998663,1,1,1,1,446.33333333334554,0.8046666666667163,373.16666666661786,5.0
386.3999999999866,1,1,1,1,446.30555555556776,0.8045000000000496,373.15277777772894,5.0
386.5999999999866,1,1,1,1,446.27777777779,0.804333333333383,373.13888888884003,5.0
386.7999999999866,1,1,1,1,446.2500000000122,0.8041666666667163,373.1249999999511,5.0
386.9999999999866,1,1,1,1,446.22222222223445,0.8040000000000497,373.1111111110622,5.0
387.1999999999866,1,1,1,1,446.1944444444567,0.803833333333383,373.0972222221733,5.0
387.39999999998656,1,1,1,1,446.1666666666789,0.8036666666667164,373.0833333332844,5.0
387.59999999998655,1,1,1,1,446.13888888890114,0.8035000000000497,373.06944444439546,5.0
387.79999999998654,1,1,1,1,446.11111111112336,0.8033333333333831,373.05555555550654,5.0
387.9999999999865,1,1,1,1,446.0833333333456,0.8031666666667164,373.04166666661763,5.0
388.1999999999865,1,1,1,1,446.0555555555678,0.8030000000000498,373.0277777777287,5.0
388.3999999999865,1,1,1,1,446.02777777779005,0.8028333333333831,373.0138888888398,5.0
388.5999999999865,1,1,1,1,446.0000000000123,0.8026666666667165,372.9999999999509,5.0
388.7999999999865,1,1,1,1,445.9722222222345,0.8025000000000498,372.986111111062,5.0
388.99999999998647,1,1,1,1,445.94444444445674,0.8023333333333832,372.97222222217306,5.0
389.19999999998646,1,1,1,1,445.91666666667896,0.8021666666667165,372.95833333328414,5.0
389.39999999998645,1,1,1,1,445.8888888889012,0.8020000000000499,372.94444444439523,5.0
389.59999999998644,1,1,1,1,445.8611111111234,0.8018333333333832,372.9305555555063,5.0
389.7999999999864,1,1,1,1,445.83333333334565,0.8016666666667166,372.9166666666174,5.0
389.9999999999864,1,1,1,1,445.8055555555679,0.80150000000005,372.9027777777285,5.0
390.1999999999864,1,1,1,1,445.7777777777901,0.8013333333333833,372.8888888888396,5.0
390.3999999999864,1,1,1,1,445.75000000001234,0.8011666666667167,372.87499999995066,5.0
390.5999999999864,1,1,1,1,445.72222222223456,0.80100000000005,372.86111111106175,5.0
390.79999999998637,1,1,1,1,445.6944444444568,0.8008333333333834,372.84722222217283,5.0
390.99999999998636,1,1,1,1,445.666666666679,0.8006666666667167,372.8333333332839,5.0
391.19999999998635,1,1,1,1,445.63888888890125,0.8005000000000501,372.819444444395,5.0
391.39999999998633,1,1,1,1,445.6111111111235,0.8003333333333834,372.8055555555061,5.0
391.5999999999863,1,1,1,1,445.5833333333457,0.8001666666667168,372.7916666666172,5.0
391.7999999999863,1,1,1,1,445.55555555556793,0.8000000000000501,372.77777777772826,5.0
391.9999999999863,1,1,1,1,445.52777777779016,0.7998333333333835,372.76388888883935,5.0
392.1999999999863,1,1,1,1,445.5000000000124,0.7996666666667168,372.74999999995043,5.0
392.3999999999863,1,1,1,1,445.4722222222346,0.7995000000000502,372.7361111110615,5.0
392.59999999998627,1,1,1,1,445.44444444445685,0.7993333333333835,372.7222222221726,5.0
392.79999999998626,1,1,1,1,445.4166666666791,0.7991666666667169,372.7083333332837,5.0
392.99999999998624,1,1,1,1,445.3888888889013,0.7990000000000502,372.6944444443948,5.0
393.19999999998623,1,1,1,1,445.36111111112353,0.7988333333333836,372.68055555550586,5.0
393.3999999999862,1,1,1,1,445.33333333334576,0.7986666666667169,372.66666666661695,5.0
393.5999999999862,1,1,1,1,445.305555555568,0.7985000000000503,372.65277777772803,5.0
393.7999999999862,1,1,1,1,445.2777777777902,0.7983333333333836,372.6388888888391,5.0
393.9999999999862,1,1,1,1,445.25000000001245,0.798166666666717,372.6249999999502,5.0
394.1999999999862,1,1,1,1,445.2222222222347,0.7980000000000503,372.6111111110613,5.0
394.39999999998616,1,1,1,1,445.1944444444569,0.7978333333333837,372.5972222221724,5.0
394.59999999998615,1,1,1,1,445.16666666667913,0.797666666666717,372.58333333328346,5.0
394.79999999998614,1,1,1,1,445.13888888890136,0.7975000000000504,372.56944444439455,5.0
394.99999999998613,1,1,1,1,445.1111111111236,0.7973333333333837,372.55555555550563,5.0
395.1999999999861,1,1,1,1,445.0833333333458,0.7971666666667171,372.5416666666167,5.0
395.3999999999861,1,1,1,1,445.05555555556805,0.7970000000000504,372.5277777777278,5.0
395.5999999999861,1,1,1,1,445.0277777777903,0.7968333333333838,372.5138888888389,5.0
395.7999999999861,1,1,1,1,445.0000000000125,0.7966666666667171,372.49999999995,5.0
395.9999999999861,1,1,1,1,444.97222222223473,0.7965000000000505,372.48611111106106,5.0
396.19999999998606,1,1,1,1,444.94444444445696,0.7963333333333839,372.47222222217215,5.0
396.39999999998605,1,1,1,1,444.9166666666792,0.7961666666667172,372.45833333328324,5.0
396.59999999998604,1,1,1,1,444.8888888889014,0.7960000000000506,372.4444444443943,5.0
396.799999999986,1,1,1,1,444.86111111112365,0.7958333333333839,372.4305555555054,5.0
396.999999999986,1,1,1,1,444.8333333333459,0.7956666666667173,372.4166666666165,5.0
397.199999999986,1,1,1,1,444.8055555555681,0.7955000000000506,372.4027777777276,5.0
397.399999999986,1,1,1,1,444.77777777779033,0.795333333333384,372.38888888883866,5.0
397.599999999986,1,1,1,1,444.75000000001256,0.7951666666667173,372.37499999994975,5.0
397.79999999998597,1,1,1,1,444.7222222222348,0.7950000000000507,372.36111111106084,5.0
397.99999999998596,1,1,1,1,444.694444444457,0.794833333333384,372.3472222221719,5.0
398.19999999998595,1,1,1,1,444.66666666667925,0.7946666666667174,372.333333333283,5.0
398.39999999998594,1,1,1,1,444.6388888889015,0.7945000000000507,372.3194444443941,5.0
398.5999999999859,1,1,1,1,444.6111111111237,0.7943333333333841,372.3055555555052,5.0
398.7999999999859,1,1,1,1,444.58333333334593,0.7941666666667174,372.29166666661627,5.0
398.9999999999859,1,1,1,1,444.55555555556816,0.7940000000000508,372.27777777772735,5.0
399.1999999999859,1,1,1,1,444.5277777777904,0.7938333333333841,372.26388888883844,5.0
399.3999999999859,1,1,1,1,444.5000000000126,0.7936666666667175,372.2499999999495,5.0
399.59999999998587,1,1,1,1,444.47222222223485,0.7935000000000508,372.2361111110606,5.0
399.79999999998586,1,1,1,1,444.4444444444571,0.7933333333333842,372.2222222221717,5.0
399.99999999998585,1,1,1,1,444.4166666666793,0.7931666666667175,372.2083333332828,5.0
